Place.id,strata_id,Location.name.in.English,Location.name.in.Arabic,Latitude,Longitude,COD_Subdistrict,district_mcna,governorate_mcna
33940,Al-Falluja,Amriyat Al-Fallujahsector 3,?????? ??????,33.141111,44.018056,Al-Amirya,al.falluja,al.anbar
107,Al-Falluja,Al Amiriyah,???????? ,33.1787573,43.85698918,Al-Amirya,al.falluja,al.anbar
26088,Al-Falluja,Ahl Al-Ramadi 74,??? ??????? 74,33.14309313,44.02116816,Al-Amirya,al.falluja,al.anbar
26092,Al-Falluja,Al-Amirya-Al Mouilha,????????,33.13698726,43.98735577,Al-Amirya,al.falluja,al.anbar
33941,Al-Falluja,Amriyat Al-Fallujahsector 50,???? ???????,33.1475,44.015278,Al-Amirya,al.falluja,al.anbar
26087,Al-Falluja,Al-Amirya-Albu Salman,??????????,33.15645263,44.00187874,Al-Amirya,al.falluja,al.anbar
26036,Al-Falluja,Al-Amirya-Albu Jasim,????????,33.19858251,43.89964342,Al-Amirya,al.falluja,al.anbar
26085,Al-Falluja,Al-Amirya-Albu Jaber,????????,33.12114643,44.04230199,Al-Amirya,al.falluja,al.anbar
33939,Al-Falluja,Amriyat Al-Fallujah sector 4,?????? ??????,33.145831,44.015278,Al-Amirya,al.falluja,al.anbar
26037,Al-Falluja,Al-Amirya-Albu Jwad,????????,33.15117657,43.98967868,Al-Amirya,al.falluja,al.anbar
26091,Al-Falluja,Al-Amirya-Al Hmedin,????????,33.15811464,43.93617748,Al-Amirya,al.falluja,al.anbar
23853,Al-Falluja,Hay Al-Madani,???? ?????? ,33.3781144,43.59524276,Markaz Al-Falluja,al.falluja,al.anbar
23858,Al-Ramadi,Abu Fless,??? ????,33.39270541,43.53247477,Al-Habbaniya,al.ramadi,al.anbar
33826,Al-Ramadi,AL-Karama complex,???? ???????,33.0388385,43.097082,Al-Rahhaliya,al.ramadi,al.anbar
23889,Al-Ramadi,7 Killo-al-mojamaa al-sakany,?????? ????-?????? ??????,33.41413197,43.19138708,Markaz Al-Ramadi,al.ramadi,al.anbar
308,Al-Ramadi,5 Kilo,?????? ????,33.42115,43.24550264,Markaz Al-Ramadi,al.ramadi,al.anbar
115,Al-Ramadi,Al Sofeya,???????,33.44031066,43.32196121,Markaz Al-Ramadi,al.ramadi,al.anbar
182,Al-Ramadi,Qadisiya-1,???????? ??????,33.41244969,43.2749091,Markaz Al-Ramadi,al.ramadi,al.anbar
166,Al-Rutba,Hay Al Meethagh,?? ???????,33.03197354,40.29047217,Markaz Al-Rutba,al.rutba,al.anbar
231,Al-Rutba,Al Wadi,?? ??????,33.03966421,40.28365262,Markaz Al-Rutba,al.rutba,al.anbar
165,Al-Rutba,Al Askaree,?? ???????,33.03800189,40.30263444,Markaz Al-Rutba,al.rutba,al.anbar
150,Al-Rutba,Al Haara,?? ??????,33.03761591,40.28426443,Markaz Al-Rutba,al.rutba,al.anbar
167,Al-Rutba,Antesar,?? ????????,33.03126564,40.29901479,Markaz Al-Rutba,al.rutba,al.anbar
23935,Al-Rutba,Al-Daraemah Village,???? ????????,33.04302668,40.38038346,Markaz Al-Rutba,al.rutba,al.anbar
233,Al-Rutba,Hay Al-Matar,?? ??????,33.03461084,40.28668013,Markaz Al-Rutba,al.rutba,al.anbar
23888,Al-Rutba,Gharb Al-Wadi,?? ??? ??????,33.04245523,40.27803907,Markaz Al-Rutba,al.rutba,al.anbar
34002,Heet,Al-shuhdaa  1,??????? ??????,33.88568,42.5227,Al-Baghdady,heet,al.anbar
152,Heet,Al Muhamdee,??????? ,33.55951649,42.90148478,Al-Forat,heet,al.anbar
312,Heet,Al-Ummal,?????? ,33.63415572,42.8268459,Markaz Heet,heet,al.anbar
219,Heet,Hay Al-Jabal,????? ,33.63892885,42.81853543,Markaz Heet,heet,al.anbar
33822,Heet,Hay- Amina,?? ?????,33.65005,42.7969,Markaz Heet,heet,al.anbar
23885,Heet,Hay Al-jamyah 2,??????? ???????,33.62821377,42.84729981,Markaz Heet,heet,al.anbar
857,Al-Basrah,As-safat-Al Qadima,?????? ???????-??????,30.495005,47.81752492,Markaz Al-Basrah,al.basrah,al.basrah
21097,Al-Basrah,Manawi Lajim Quarter,????? ??? ,30.49566639,47.83856165,Markaz Al-Basrah,al.basrah,al.basrah
1308,Al-Basrah,Al-Baker & Al-Ahrar,????? ????????,30.4999937,47.81254713,Markaz Al-Basrah,al.basrah,al.basrah
847,Al-Basrah,Al-meshraq al-qadeem,??????-??????? ??????,30.49082406,47.81616005,Markaz Al-Basrah,al.basrah,al.basrah
891,Al-Basrah,Manawi pasha,????? ????,30.50843105,47.84106138,Markaz Al-Basrah,al.basrah,al.basrah
24126,Al-Basrah,Hay Al Jamiah,??????-??????-?? ???????,30.4735456,47.80490113,Markaz Al-Basrah,al.basrah,al.basrah
907,Al-Basrah,Braiha,????? ,30.51312952,47.83821038,Markaz Al-Basrah,al.basrah,al.basrah
893,Al-Basrah,Kut al-hejaj,??????-??? ??????,30.50441634,47.8008913,Markaz Al-Basrah,al.basrah,al.basrah
898,Al-Basrah,Al Khaleej1,??????-????????-?? ?????? 1,30.4881858,47.79440625,Markaz Al-Basrah,al.basrah,al.basrah
1295,Al-Basrah,Door Al Dubbat,??? ??????,30.53411916,47.78872555,Markaz Al-Basrah,al.basrah,al.basrah
24182,Al-Basrah,Casino Lebnan,??????-?????? ?????,30.5077651,47.80811705,Markaz Al-Basrah,al.basrah,al.basrah
20340,Al-Kufa,Al Hureya,??????,32.10190244,44.54306633,Al-Huriya,al.kufa,al.najaf
25890,Al-Kufa,Sader 3,????? ??????,32.01241003,44.40323051,Markaz Al-Kufa,al.kufa,al.najaf
20298,Al-Kufa,Al Barakiya,????????,32.00931304,44.40037318,Markaz Al-Kufa,al.kufa,al.najaf
20046,Al-Kufa,Al Kreishat 2,???????? 2,32.03102475,44.40649951,Markaz Al-Kufa,al.kufa,al.najaf
24311,Al-Kufa,Alwat Al Fahal,???? ?????,32.07811637,44.37170203,Markaz Al-Kufa,al.kufa,al.najaf
20304,Al-Kufa,AL-RADHAWIYA,??????? 1,31.96229384,44.4136399,Markaz Al-Kufa,al.kufa,al.najaf
29598,Al-Najaf,Al Salam Complex,???? ??????,32.17414489,44.30752607,Al-Haydariya,al.najaf,al.najaf
34007,Al-Najaf,Hay AL Karrar,?? ??????,32.28396373,44.27828808,Al-Haydariya,al.najaf,al.najaf
20341,Al-Najaf,Al-Qasim,??????,32.31013278,44.27654775,Al-Haydariya,al.najaf,al.najaf
25431,Al-Najaf,Hay Al Ameer,?? ??????,32.31602166,44.26900962,Al-Haydariya,al.najaf,al.najaf
29658,Al-Najaf,Al-Shaheed Al-Sadar-Shareet,?? ?????? ?????-??????,32.07339081,44.32647878,Markaz Al-Najaf,al.najaf,al.najaf
26015,Al-Najaf,Al-Ameriya,????????,31.9869246,44.31483768,Markaz Al-Najaf,al.najaf,al.najaf
29621,Al-Najaf,Mazara Al-Hawli,????? ??????,32.0964973,44.3313444,Markaz Al-Najaf,al.najaf,al.najaf
20338,Al-Najaf,AL JEDAIDA,??????? 4,31.9902017,44.31782205,Markaz Al-Najaf,al.najaf,al.najaf
20287,Al-Najaf,Al-Ghadeer Village complex,???? ???? ??????,32.09036773,44.33345076,Markaz Al-Najaf,al.najaf,al.najaf
20122,Al-Najaf,Hay missan 230,?? ????? 230,32.06442413,44.36229196,Markaz Al-Najaf,al.najaf,al.najaf
25568,Al-Diwaniya,Hay Al-Amin 2,?? ?????? 2,32.00629877,44.84477322,Al-Saniya,al.diwaniya,al.qadissiya
25070,Al-Diwaniya,Hay Al-Hussain,?? ??????,32.0701463,44.76765688,Al-Saniya,al.diwaniya,al.qadissiya
24436,Al-Diwaniya,Albo Hasan village,???? ???? ???,32.02082742,44.81889837,Al-Saniya,al.diwaniya,al.qadissiya
24903,Al-Diwaniya,Hay Al Sadir 2,?? ????? ??????,32.00637806,44.93735746,Markaz Al-Diwaniya,al.diwaniya,al.qadissiya
2943,Al-Diwaniya,Al hamad village,???? ?????,32.00409165,44.99900237,Markaz Al-Diwaniya,al.diwaniya,al.qadissiya
22815,Al-Diwaniya,Hay Al Jumhori Al Sharqi,?? ???????? ??????,31.99175319,44.92138221,Markaz Al-Diwaniya,al.diwaniya,al.qadissiya
22326,Al-Diwaniya,Al Mojamaa Al Sakani,?????? ??????,31.98188312,44.97298646,Markaz Al-Diwaniya,al.diwaniya,al.qadissiya
23681,Al-Diwaniya,Hay Al Furat-2,?? ?????? ???????,32.02006081,44.90036536,Markaz Al-Diwaniya,al.diwaniya,al.qadissiya
23715,Al-Diwaniya,Hay Al-Hadarah,?? ???????,32.01567693,44.9173569,Markaz Al-Diwaniya,al.diwaniya,al.qadissiya
22452,Al-Diwaniya,Qaryat Al Ensaf,???? ???????,31.99916497,45.01540678,Markaz Al-Diwaniya,al.diwaniya,al.qadissiya
25509,Al-Diwaniya,Al-Taamem-2,??????? ???????,31.97978115,44.94216732,Markaz Al-Diwaniya,al.diwaniya,al.qadissiya
5808,Al-Sulaymaniyah,Bazyan-shwankara,??????-????????,35.5657573,45.1954297,Bazian,al.sulaymaniyah,al.sulaymaniyah
5930,Al-Sulaymaniyah,Wluba 326,????? 326,35.5342375,45.4295163,Qaradagh,al.sulaymaniyah,al.sulaymaniyah
23926,Al-Sulaymaniyah,Dargazen,??????,35.5523088,45.4402254,Qaradagh,al.sulaymaniyah,al.sulaymaniyah
21021,Al-Sulaymaniyah,Sabun karan Qt,???? ????,35.5540113,45.4456441,Qaradagh,al.sulaymaniyah,al.sulaymaniyah
5122,Al-Sulaymaniyah,Arbat-Kharajian,????-??????,35.4650972,45.567977,Qaradagh,al.sulaymaniyah,al.sulaymaniyah
5744,Al-Sulaymaniyah,Bardakar,???? ??,35.4513021,45.4479993,Qaradagh,al.sulaymaniyah,al.sulaymaniyah
21033,Al-Sulaymaniyah,Tavga,?????,35.5983231,45.3944926,Sarchnar,al.sulaymaniyah,al.sulaymaniyah
21036,Al-Sulaymaniyah,Farmanbaran,?????????,35.5897164,45.4053795,Sarchnar,al.sulaymaniyah,al.sulaymaniyah
5737,Al-Sulaymaniyah,Awbara,??????,35.5515613,45.3801727,Sarchnar,al.sulaymaniyah,al.sulaymaniyah
33357,Al-Sulaymaniyah,Mushirawa 406 & 206,???????? 406&206,35.5571112,45.416484,Sarchnar,al.sulaymaniyah,al.sulaymaniyah
4441,Al-Sulaymaniyah,Sarchnar,??????,35.5802839,45.3835801,Sarchnar,al.sulaymaniyah,al.sulaymaniyah
33348,Al-Sulaymaniyah,Chwar chra New,???? ??? ???,35.5465155,45.3972155,Sarchnar,al.sulaymaniyah,al.sulaymaniyah
24816,Al-Sulaymaniyah,Saib City,???? ???,35.5342187,45.4131846,Sarchnar,al.sulaymaniyah,al.sulaymaniyah
24255,Al-Sulaymaniyah,Sarwary 142,????? 142,35.5834097,45.416355,Sarchnar,al.sulaymaniyah,al.sulaymaniyah
31982,Al-Sulaymaniyah,Handren 109,?????? 109,35.5662087,45.4024649,Sarchnar,al.sulaymaniyah,al.sulaymaniyah
31988,Al-Sulaymaniyah,Khwar kurdsat 134,???? ??????? 134,35.5827336,45.4378381,Sarchnar,al.sulaymaniyah,al.sulaymaniyah
21719,Chamchamal,Shahidan,??????,35.7458189,44.8987014,Agjalare,chamchamal,al.sulaymaniyah
3461,Chamchamal,hashazini,???? ????,35.4038402,45.1180675,Cenkaw,chamchamal,al.sulaymaniyah
33380,Chamchamal,Awa Spi,??? ???,35.0232578,45.1011726,Kadr Karam,chamchamal,al.sulaymaniyah
24894,Chamchamal,Chamchamal-Raparin,??????-??????,35.52360502,44.822298,Markaz Chamchamal,chamchamal,al.sulaymaniyah
6159,Chamchamal,Chamchamal-Rizgari,??????-??????,35.53982645,44.8236395,Markaz Chamchamal,chamchamal,al.sulaymaniyah
21976,Chamchamal,Ashti,????,35.53578579,44.8256465,Markaz Chamchamal,chamchamal,al.sulaymaniyah
24688,Chamchamal,Asuda,?????,35.5269308,44.8137438,Markaz Chamchamal,chamchamal,al.sulaymaniyah
21717,Chamchamal,Qadir Kir Mikan,???????????,35.5037607,44.8523393,Markaz Chamchamal,chamchamal,al.sulaymaniyah
24250,Chamchamal,Qarahanjiriakan,???????????,35.5032536,44.8426528,Markaz Chamchamal,chamchamal,al.sulaymaniyah
4933,Chamchamal,Piryadi,???????,35.5130974,44.8489363,Markaz Chamchamal,chamchamal,al.sulaymaniyah
20813,Chamchamal,SANGAWIAKAN,?????????,35.51058,44.8367107,Markaz Chamchamal,chamchamal,al.sulaymaniyah
24813,Chamchamal,Takya-Azadi,????-?????,35.6238672,44.9548877,Markaz Chamchamal,chamchamal,al.sulaymaniyah
6301,Derbendikhan,Hawara barza,????????,35.1241329,45.6826464,Markaz Derbendikhan,derbendikhan,al.sulaymaniyah
24251,Derbendikhan,Kanito,???? ???,35.1124805,45.6896322,Markaz Derbendikhan,derbendikhan,al.sulaymaniyah
29515,Derbendikhan,Shoresh,????,35.1140736,45.6796988,Markaz Derbendikhan,derbendikhan,al.sulaymaniyah
24670,Derbendikhan,Sara,???,35.1079729,45.6886106,Markaz Derbendikhan,derbendikhan,al.sulaymaniyah
24253,Derbendikhan,Campe khwarw,???? ?????,35.0974312,45.6949014,Markaz Derbendikhan,derbendikhan,al.sulaymaniyah
29517,Derbendikhan,Khelan,?????,35.1101359,45.6839061,Markaz Derbendikhan,derbendikhan,al.sulaymaniyah
22996,Derbendikhan,Mamostayan,??????????,35.3198684,45.6948361,Markaz Derbendikhan,derbendikhan,al.sulaymaniyah
23078,Derbendikhan,Rezgari,??????,35.3217373,45.6791641,Markaz Derbendikhan,derbendikhan,al.sulaymaniyah
5000,Dokan,Shekh Mansourian,??? ????????,36.07103,44.7817368,Gnareen,dokan,al.sulaymaniyah
23721,Dokan,Chawa spy,?????,35.9313984,44.9690877,Gnareen,dokan,al.sulaymaniyah
23923,Dokan,Sarcham,????,35.9279122,44.9622742,Gnareen,dokan,al.sulaymaniyah
23924,Dokan,Banwan,??????,35.9328361,44.9642292,Gnareen,dokan,al.sulaymaniyah
5068,Dokan,Topzawa,???????,35.9572654,44.9861496,Sourdash,dokan,al.sulaymaniyah
24554,Dokan,Tokma,?????,35.7246294,45.1440548,Sourdash,dokan,al.sulaymaniyah
24213,Dokan,Sara,???,35.7270477,45.1524679,Sourdash,dokan,al.sulaymaniyah
23333,Dokan,Pishowa,?????,35.7378464,45.1423851,Sourdash,dokan,al.sulaymaniyah
6305,Dokan,Shaheedan,??????,35.7314435,45.1374075,Sourdash,dokan,al.sulaymaniyah
3593,Dokan,Timar,?????,35.8574417,45.0769418,Sourdash,dokan,al.sulaymaniyah
5238,Dokan,Mergapan,???????,35.7956429,45.2535359,Sourdash,dokan,al.sulaymaniyah
22460,Halabcha,Ardalan,??????,35.2991993,46.0343419,Khourmal,halabcha,al.sulaymaniyah
21862,Halabcha,Gulan,????? ,35.1744373,45.9810664,Markaz Halabja,halabcha,al.sulaymaniyah
21961,Halabcha,Kani ishqan,???? ??????,35.1696168,45.983114,Markaz Halabja,halabcha,al.sulaymaniyah
21863,Halabcha,Mamostaian,??????????,35.1822314,45.993632,Markaz Halabja,halabcha,al.sulaymaniyah
21857,Halabcha,Sharwani,???????,35.1891217,45.9950623,Markaz Halabja,halabcha,al.sulaymaniyah
21962,Halabcha,Marzboto,???? ????,35.1819165,45.9844709,Markaz Halabja,halabcha,al.sulaymaniyah
21960,Halabcha,Farmanbaran,?????????,35.185482,45.9802875,Markaz Halabja,halabcha,al.sulaymaniyah
25757,Halabcha,Darwazay Shar,?????? ???,35.1993777,45.9665141,Markaz Halabja,halabcha,al.sulaymaniyah
31863,Halabcha,Shahidan,??????,35.2543788,45.9398683,Markaz Halabja,halabcha,al.sulaymaniyah
31862,Halabcha,Raparine,??????,35.2555589,45.9361248,Markaz Halabja,halabcha,al.sulaymaniyah
25647,Halabcha,Grda naze village,???? ??? ????,35.3424268,45.9255147,Shahrazur,halabcha,al.sulaymaniyah
22920,Halabcha,Hassar,????,35.3515587,45.8727816,Shahrazur,halabcha,al.sulaymaniyah
24096,Halabcha,Barkew,?????,35.3553403,45.8688337,Shahrazur,halabcha,al.sulaymaniyah
23767,Kalar,Goran,?????,34.63677433,45.3383341,Markaz Kalar,kalar,al.sulaymaniyah
32001,Kalar,Mamostayan,??????????,34.634237,45.3205974,Markaz Kalar,kalar,al.sulaymaniyah
6286,Kalar,Kalar Kon,???? ???,34.63803133,45.3031242,Markaz Kalar,kalar,al.sulaymaniyah
23769,Kalar,Sherwana,???????,34.61085768,45.3166238,Markaz Kalar,kalar,al.sulaymaniyah
5995,Kalar,Grda Gozina,???? ??????,34.58637894,45.2896874,Markaz Kalar,kalar,al.sulaymaniyah
24890,Kalar,Sirwan,??????,34.6223123,45.3304388,Markaz Kalar,kalar,al.sulaymaniyah
3939,Kalar,Barda Sur,??????,34.64159387,45.3475832,Markaz Kalar,kalar,al.sulaymaniyah
24962,Kalar,Sharawani,???????,34.63964372,45.3129032,Markaz Kalar,kalar,al.sulaymaniyah
31929,Kalar,Zhalla,????,34.65595341,45.2575523,Markaz Kalar,kalar,al.sulaymaniyah
31932,Kalar,Azadi,?????,34.65783716,45.2387876,Markaz Kalar,kalar,al.sulaymaniyah
21861,Kalar,Garmyan,??????,34.66004781,45.2319431,Markaz Kalar,kalar,al.sulaymaniyah
21852,Kalar,Awbarik,???????,34.6656446,45.241458,Markaz Kalar,kalar,al.sulaymaniyah
25298,Rania,Koling city,????? ???,36.2287787,44.8485077,Markaz Rania,rania,al.sulaymaniyah
25293,Rania,Raparine,??????,36.20458,44.8215052,Markaz Rania,rania,al.sulaymaniyah
25297,Rania,Rozhhalat,???????,36.2114866,44.836857,Markaz Rania,rania,al.sulaymaniyah
5568,Rania,kurdistan,????????,36.2205991,44.8359597,Markaz Rania,rania,al.sulaymaniyah
25296,Rania,Qandil,?????,36.2097303,44.8337084,Markaz Rania,rania,al.sulaymaniyah
29686,Rania,Saraa,????,36.2112346,44.8277604,Markaz Rania,rania,al.sulaymaniyah
31869,Rania,Azadi 2,????? 2,36.2527794,44.8751276,Markaz Rania,rania,al.sulaymaniyah
25522,Rania,Kewa Rash,????? ?,36.2633631,44.8813414,Markaz Rania,rania,al.sulaymaniyah
24814,Rania,Mamostayan,??????????,36.2589441,44.8900763,Markaz Rania,rania,al.sulaymaniyah
24101,Rania,Nawroz,?????,36.2494431,44.8741161,Markaz Rania,rania,al.sulaymaniyah
24984,Al-Mussyab,Hay Al-Rafedain,????? ??????????-?? ????????,32.88290099,44.34190731,Al-Iskandaria,al.mussyab,babil
24985,Al-Mussyab,Hay Alaskarey,????? ??????????-?? ???????,32.88258483,44.34809365,Al-Iskandaria,al.mussyab,babil
25613,Al-Mussyab,Al-Iskandaria-Hay Al-Muthana,?? ??????,32.88429675,44.38653827,Al-Iskandaria,al.mussyab,babil
24296,Al-Mussyab,Al Iskandariyah Area-Mowelha,????? ??????????-??????,32.87783,44.41548,Al-Iskandaria,al.mussyab,babil
24707,Al-Mussyab,Hay Al Ataba,?? ???????,32.79055304,44.27722478,Jurf Al-Sakhar,al.mussyab,babil
7126,Al-Mussyab,Al Hamiyah-Al Mutaqedin 1,???????-?????????? 1,32.81393002,44.26428293,Jurf Al-Sakhar,al.mussyab,babil
24165,Al-Mussyab,Al Hamiyah-Oayef village,???????-???? ????,32.80751183,44.26748722,Jurf Al-Sakhar,al.mussyab,babil
26119,Al-Mussyab,Hay Al Ghadeer 3,?????? 3,32.78266858,44.26577385,Jurf Al-Sakhar,al.mussyab,babil
24171,Al-Mussyab,Hay Al Moatnen 3,?? ????????? 3,32.78355036,44.26641899,Jurf Al-Sakhar,al.mussyab,babil
29582,Al-Mussyab,Hay Al Moatnen 1,?? ????????? 1,32.78803072,44.26797728,Jurf Al-Sakhar,al.mussyab,babil
7220,Al-Mussyab,Albo Hamdan,???? ?????,32.78539749,44.28417791,Jurf Al-Sakhar,al.mussyab,babil
26125,Al-Mussyab,Hay Al Ghadeer 1,?????? 1,32.78810361,44.26738627,Jurf Al-Sakhar,al.mussyab,babil
27255,Al-Adhamiya,Hay Al Rabee-334,?? ??????-334,33.40111532,44.35124615,Al-Fahama,al.adhamiya,baghdad
25394,Al-Adhamiya,Bob Al Sham-361,??? ?????-361,33.46695109,44.38525036,Al-Fahama,al.adhamiya,baghdad
24176,Al-Adhamiya,Hay Al Rabee-332,?? ??????-332,33.39802228,44.3537499,Al-Fahama,al.adhamiya,baghdad
25397,Al-Adhamiya,Bob Al Sham-365,??? ?????-365,33.44643956,44.38621141,Al-Fahama,al.adhamiya,baghdad
22777,Al-Adhamiya,Hay Al Rabee-340,?? ??????-340,33.40538339,44.3593348,Al-Fahama,al.adhamiya,baghdad
22538,Al-Adhamiya,Tunis-330,????-330,33.40567668,44.36590738,Al-Fahama,al.adhamiya,baghdad
23728,Al-Adhamiya,Adhamiya-310,????????-310,33.36576245,44.35338848,Markaz Al-Adhamiya,al.adhamiya,baghdad
7730,Al-Adhamiya,Adhamia-312,????????-312,33.3702673,44.35609192,Markaz Al-Adhamiya,al.adhamiya,baghdad
23999,Al-Adhamiya,Al Qahira-307,???????-307,33.37876786,44.39037264,Markaz Al-Adhamiya,al.adhamiya,baghdad
24003,Al-Adhamiya,Al Shamasiyah-320,????????-320,33.38242472,44.37745988,Markaz Al-Adhamiya,al.adhamiya,baghdad
7717,Al-Adhamiya,Adhamia-308,????????-308,33.36889192,44.36206417,Markaz Al-Adhamiya,al.adhamiya,baghdad
23646,Al-Adhamiya,Adhamia-314,????????-314,33.37231728,44.36462593,Markaz Al-Adhamiya,al.adhamiya,baghdad
24002,Al-Adhamiya,Al Shamasiyah-316,????????-316,33.37283799,44.37454008,Markaz Al-Adhamiya,al.adhamiya,baghdad
24004,Al-Adhamiya,Al Maghreb-302,??????-302,33.35775724,44.38098462,Markaz Al-Adhamiya,al.adhamiya,baghdad
23867,Al-Kadhmiyah,Al-Nasir Walsalam-1000,????? ???????-1000,33.30058432,44.04183549,Abu Ghraib,al.kadhmiyah,baghdad
31711,Al-Kadhmiyah,Al Zaidan-Al sultan village,???????-???? ???????,33.2687573,44.04619052,Abu Ghraib,al.kadhmiyah,baghdad
25126,Al-Kadhmiyah,Khan Dhari Center,??? ???? ????,33.2994514,44.05792398,Abu Ghraib,al.kadhmiyah,baghdad
21173,Al-Kadhmiyah,1 Athar,1 ????,33.30332135,44.18543633,Abu Ghraib,al.kadhmiyah,baghdad
31714,Al-Kadhmiyah,Shuhada Markza-Shuhdda the second,??????? ??????-????? ???????,33.30905301,44.15002481,Abu Ghraib,al.kadhmiyah,baghdad
7658,Al-Kadhmiyah,Al-Resalah,???????,33.29721044,44.11908434,Abu Ghraib,al.kadhmiyah,baghdad
27247,Al-Kadhmiyah,Al Shams complex,???? ?????,33.31451807,44.02124715,Abu Ghraib,al.kadhmiyah,baghdad
25185,Al-Kadhmiyah,Awad Al Hussain village,???? ???? ??????,33.55010522,44.19331218,Al-Taji,al.kadhmiyah,baghdad
27413,Al-Kadhmiyah,Al Ahnaf-Al Rakia Fadel village,??????-????? ?????,33.43497456,44.24392406,Al-Taji,al.kadhmiyah,baghdad
25164,Al-Kadhmiyah,Sabea Al Buor-8000,??? ?????-8000,33.45256226,44.15676736,Al-Taji,al.kadhmiyah,baghdad
24063,Al-Kadhmiyah,Al-Abayechi-1,????????-1,33.73487167,44.39270793,Al-Tarmiya,al.kadhmiyah,baghdad
21685,Al-Kadhmiyah,Al Khadraa village,???? ???????,33.67630777,44.37298674,Al-Tarmiya,al.kadhmiyah,baghdad
25424,Al-Kadhmiyah,Hai Al Qadessia-2,?? ????????-2,33.67153192,44.37190248,Al-Tarmiya,al.kadhmiyah,baghdad
25022,Al-Kadhmiyah,Al Gserin Village,???? ??????,33.69205073,44.43516278,Al-Tarmiya,al.kadhmiyah,baghdad
27312,Al-Kadhmiyah,Shoala-448,??????-448,33.36076863,44.29700415,Markaz Al-Kadhimiya,al.kadhmiyah,baghdad
24073,Al-Karkh,Shurtah Al Hader-846,???? ?????-846,33.24231078,44.40771872,Al-Mamoon,al.karkh,baghdad
7640,Al-Karkh,Hay al jamiyah (Al Masfi)-842,?? ???????-842(???????),33.25248127,44.42333828,Al-Mamoon,al.karkh,baghdad
23984,Al-Karkh,Al Toma(Al Masfi)-826,??????-826(???????),33.24922773,44.39374898,Al-Mamoon,al.karkh,baghdad
21460,Al-Karkh,Al Khadraa-639,???????-639,33.3202051,44.2975542,Al-Mansour,al.karkh,baghdad
24065,Al-Karkh,Al Ghazaliyah-685,????????-685,33.33179204,44.27015784,Al-Mansour,al.karkh,baghdad
23727,Al-Karkh,Al Jameah-627,???????-627,33.31017679,44.32510784,Al-Mansour,al.karkh,baghdad
21450,Al-Karkh,Al Amerya-634,????????-634,33.29144128,44.29513377,Al-Mansour,al.karkh,baghdad
21448,Al-Karkh,Al Amreya-630,????????-630,33.30167331,44.29399727,Al-Mansour,al.karkh,baghdad
25206,Al-Karkh,Al Khadraa-640,???????-640,33.32343766,44.29545214,Al-Mansour,al.karkh,baghdad
26041,Al-Karkh,Al Jameah-635,??????? 635,33.32690839,44.31788627,Al-Mansour,al.karkh,baghdad
27409,Al-Karkh,Al Saydia-835,???????-835,33.23276431,44.35908273,Al-Mansour,al.karkh,baghdad
27191,Al-Karkh,Al Resala-855,???????-855,33.24271644,44.32232939,Al-Mansour,al.karkh,baghdad
25221,Al-Karkh,Al Forat-893,??????-893,33.27592422,44.27631613,Al-Mansour,al.karkh,baghdad
26100,Al-Karkh,Hay Al Jehad-881,?? ??????-881,33.2811269,44.29810131,Al-Mansour,al.karkh,baghdad
27289,Al-Karkh,Al Salahiya-222,????????-222,33.32542042,44.39021553,Markaz Al-Karkh,al.karkh,baghdad
25150,Al-Mahmoudiya,Al Latefia-Al Qadessia,????????-?? ????????,32.9704057,44.35331546,Al-Latifya,al.mahmoudiya,baghdad
23618,Al-Mahmoudiya,14 Tamooz,?? 14 ????,32.96256919,44.3553264,Al-Latifya,al.mahmoudiya,baghdad
25149,Al-Mahmoudiya,Al Latefia-Al Salam,????????-??????,32.99962534,44.36111224,Al-Latifya,al.mahmoudiya,baghdad
7733,Al-Mahmoudiya,Hay Al Zuhoor,?? ??????,32.9673387,44.36388038,Al-Latifya,al.mahmoudiya,baghdad
25152,Al-Mahmoudiya,Kilo 18,???? 18,32.96327341,44.36306106,Al-Latifya,al.mahmoudiya,baghdad
7583,Al-Mahmoudiya,Hoor Rajab,??? ???,33.19381632,44.41457366,Al-Rasheed,al.mahmoudiya,baghdad
7587,Al-Mahmoudiya,Al Radwania,????? ?????????,33.14601121,44.29942013,Al-Rasheed,al.mahmoudiya,baghdad
29523,Al-Mahmoudiya,Hay Al Shuhada(Al kragolyia),?? ???????(?????????),33.06663345,44.23348447,Al-Yousifya,al.mahmoudiya,baghdad
27252,Al-Mahmoudiya,Hay Al Rasul,?? ??????,33.04667553,44.35823423,Markaz Al-Mahmoudiya,al.mahmoudiya,baghdad
24194,Al-Khalis,Dalli Abass-Al-Dhobat Qtr,??? ????-?? ??????,34.07345133,44.85486611,Al-Mansouriyah,al.khalis,diyala
25036,Al-Khalis,Hibhib-Al Shohadaa Qtr,????-?? ???????,33.78024649,44.51435203,Hibhib,al.khalis,diyala
10445,Al-Khalis,Markaz Hibhib,???? ????,33.78385382,44.5147,Hibhib,al.khalis,diyala
25032,Al-Khalis,Hibhib-Al Askary Qtr,???? ???????,33.78239452,44.51642267,Hibhib,al.khalis,diyala
25027,Al-Khalis,Hibhib-Al Asry Qtr,???? ??????,33.78093491,44.51431992,Hibhib,al.khalis,diyala
25815,Al-Khalis,Al Hadid-Al Benook Qtr,??????-?? ??????,33.76017127,44.55013006,Hibhib,al.khalis,diyala
22041,Al-Khalis,Al Qadissiya Qtr,?? ????????,33.78479677,44.50173849,Hibhib,al.khalis,diyala
11195,Al-Khalis,Al Ghalbiya,????????,33.73158221,44.4798689,Hibhib,al.khalis,diyala
25814,Al-Khalis,Al Hadid Old,?????? ???????,33.76917611,44.55980974,Hibhib,al.khalis,diyala
11206,Al-Khalis,Hawaish Village,???? ??????,33.68388191,44.42372425,Hibhib,al.khalis,diyala
11425,Al-Khalis,Jadidat Al Shat village,???? ????? ????,33.6419951,44.42236362,Hibhib,al.khalis,diyala
11463,Baquba,Had Mekser,?? ????,33.84365721,44.64439696,Beni Saad,baquba,diyala
11411,Baquba,Al Sabtiyah village,???? ???????,33.78342225,44.62301762,Beni Saad,baquba,diyala
23740,Baquba,Al Hawidar,???????,33.77258785,44.62592738,Beni Saad,baquba,diyala
24915,Baquba,Al Gatoon-Al rahma,???????-??????,33.75714188,44.60148087,Beni Saad,baquba,diyala
24805,Baquba,Al Gatoon-Al Yarmook Qtr,???????-?? ???????,33.72419303,44.6079515,Beni Saad,baquba,diyala
11189,Baquba,Al Mafraq,??????,33.74319557,44.6104473,Beni Saad,baquba,diyala
24914,Baquba,Um Al Edam Village,???? ?? ??????,33.71895833,44.62231116,Beni Saad,baquba,diyala
11177,Baquba,Al Gatoon-Al Mujama Qtr,???????-?? ??????,33.75767092,44.58205894,Beni Saad,baquba,diyala
24917,Baquba,Al Sadah Village,???? ?????? ,33.48143074,44.52537636,Beni Saad,baquba,diyala
23694,Baquba,Al Intesar-1 Qtr,?? ???????? 1,33.58422006,44.55428868,Beni Saad,baquba,diyala
11178,Baquba,Al Tahreer,???????,33.73856555,44.64968108,Buhriz,baquba,diyala
11250,Baquba,Al Dawasir Qtr,?? ???????,33.7012487,44.65803445,Buhriz,baquba,diyala
25042,Baquba,Sesbana Village,???? ???????,33.68877239,44.82864561,Kanan,baquba,diyala
25257,Khanaqin,Bakhtiari Qtr,?? ???????,34.31442726,45.35651784,Markaz Khanaqin,khanaqin,diyala
24312,Khanaqin,Imam Abass Qtr,?? ???? ????,34.34230051,45.36063392,Markaz Khanaqin,khanaqin,diyala
24403,Khanaqin,darwish village,???? ?????,34.39173275,45.30702866,Markaz Khanaqin,khanaqin,diyala
24351,Khanaqin,Mazrah Qtr,?? ?????,34.34415943,45.3888891,Markaz Khanaqin,khanaqin,diyala
25247,Khanaqin,Rapren-1 Qtr,?? ??????-1,34.32011997,45.38204111,Markaz Khanaqin,khanaqin,diyala
10666,Khanaqin,Jibraoh village,???? ??????,34.30690846,45.3884229,Markaz Khanaqin,khanaqin,diyala
24393,Khanaqin,Zurab village,???? ?????,34.35205123,45.34729711,Markaz Khanaqin,khanaqin,diyala
11047,Khanaqin,Tula Frosh Qtr,?? ???? ????,34.35788763,45.37631834,Markaz Khanaqin,khanaqin,diyala
24354,Khanaqin,Al Askari Qtr,?? ?????,34.34024972,45.40024431,Markaz Khanaqin,khanaqin,diyala
24405,Khanaqin,aldarawsha village,???? ????????,34.36014375,45.22063411,Markaz Khanaqin,khanaqin,diyala
10403,Khanaqin,Salih Agha village,???? ???? ???,34.5746093,45.3412701,Qaratu,khanaqin,diyala
3903,Kifri,Kulajo,????,34.4647981,45.1647359,Jabarra,kifri,diyala
6000,Kifri,Shaykh Lankar,??? ????,34.5555857,45.2481505,Jabarra,kifri,diyala
25429,Kifri,Markaz Jabara,?????,34.59153193,44.93544045,Jabarra,kifri,diyala
33394,Kifri,shahidan,??????,34.6841669,44.9520007,Jabarra,kifri,diyala
28430,Kifri,raparin,??????,34.6795417,44.9548963,Jabarra,kifri,diyala
28427,Kifri,Hawari new,????? ???,34.6906938,44.9505876,Jabarra,kifri,diyala
28429,Kifri,shoresh,????,34.6865702,44.9527278,Jabarra,kifri,diyala
31930,Kifri,Sangaw,?????,34.66792962,45.2251869,Markaz Kifri,kifri,diyala
6161,Kifri,Shakal,?????,34.66556899,45.2202165,Markaz Kifri,kifri,diyala
28424,Kifri,mamostayan,??????????,34.6897689,44.9563149,Markaz Kifri,kifri,diyala
11023,Kifri,sar qala,???????,34.7427975,45.0653236,Markaz Kifri,kifri,diyala
28422,Kifri,awbrey,?????,34.7036343,44.968331,Markaz Kifri,kifri,diyala
28428,Kifri,rezgari,??????,34.6936463,44.9614081,Markaz Kifri,kifri,diyala
10592,Kifri,Qaratappa,??? ???,34.43031631,44.9289786,Qara Tabe,kifri,diyala
23903,Al-Amadiya,Kaniya Mala,????? ????,37.10090442,43.4951567,Markaz Al-Amadiya,al.amadiya,duhok
8171,Al-Amadiya,Aradin,?????,37.10861067,43.31982766,Sarsank,al.amadiya,duhok
8335,Al-Amadiya,Spindare,????????,36.97084612,43.3169068,Sarsank,al.amadiya,duhok
7770,Al-Amadiya,Chamanke,??????,36.9379561,43.4127922,Sarsank,al.amadiya,duhok
7768,Al-Amadiya,Mizi Village,???? ????,36.94530948,43.39186787,Sarsank,al.amadiya,duhok
27120,Al-Amadiya,Nahla Area,????? ????,36.86370972,43.69317721,Sarsank,al.amadiya,duhok
7867,Al-Amadiya,Sikreen,?????,37.03908289,43.27967089,Sarsank,al.amadiya,duhok
7862,Al-Amadiya,Qadish Collective,???,37.10053202,43.38539942,Sarsank,al.amadiya,duhok
7896,Al-Amadiya,Benata,??????,37.08602186,43.37602869,Sarsank,al.amadiya,duhok
7835,Al-Amadiya,Sarsink,?????,37.03931455,43.34292255,Sarsank,al.amadiya,duhok
26047,Duhok,Botan,?????,36.87030083,42.9719216,Markaz Duhok,duhok,duhok
24092,Duhok,Masik-1,????? 1,36.8811634,42.94833432,Markaz Duhok,duhok,duhok
23711,Duhok,Gali Dohuk,??? ????,36.86387487,43.00612433,Markaz Duhok,duhok,duhok
21509,Duhok,Kari Basi,??? ????,36.86809225,42.99187388,Markaz Duhok,duhok,duhok
8867,Duhok,Zeri Land,??? ????,36.87028339,42.95867599,Markaz Duhok,duhok,duhok
21971,Duhok,Shorash (Al Jamyah),???? (???????),36.87048266,42.99201547,Markaz Duhok,duhok,duhok
26052,Duhok,Bintika,??????,36.84552054,43.00882806,Markaz Duhok,duhok,duhok
24186,Duhok,Zirka,????,36.87113012,42.9301075,Markaz Duhok,duhok,duhok
7945,Duhok,Baroshke,??????,36.85521913,43.02227054,Markaz Duhok,duhok,duhok
24628,Duhok,Etit,?????,36.84470408,43.08233021,Zawita,duhok,duhok
8687,Duhok,Bablu,?????,36.8763063,43.12508353,Zawita,duhok,duhok
7949,Duhok,Eminke,??????,36.85985898,43.09515691,Zawita,duhok,duhok
25898,Duhok,Avrike,??????,36.83176403,43.11903998,Zawita,duhok,duhok
8044,Sumail,Bajit Kandala,???? ?????,37.04725789,42.45105377,Bateel,sumail,duhok
24596,Sumail,Tanahi,?????,36.86240581,42.90319996,Markaz Sumail,sumail,duhok
27125,Sumail,Old Qasr Yazddin,???????? ?????,36.82102052,42.80731936,Markaz Sumail,sumail,duhok
24800,Sumail,Avro City,???? ????,36.85742887,42.90769701,Markaz Sumail,sumail,duhok
8873,Sumail,Misereek,??????,36.86255038,42.80520153,Markaz Sumail,sumail,duhok
29614,Sumail,Kar City,??? ???,36.89144536,42.79901263,Markaz Sumail,sumail,duhok
7989,Sumail,Seje,????,36.91326388,42.88533819,Markaz Sumail,sumail,duhok
25622,Sumail,Moaskar Domiz,????? ?????,36.78763716,42.90502026,Sindi,sumail,duhok
8369,Sumail,Shariya,?????,36.78613016,42.97378716,Sindi,sumail,duhok
8800,Sumail,Kherava,??????,36.77553199,42.78317992,Sindi,sumail,duhok
27124,Sumail,New Zinya,????? ?????,36.78585152,42.78014831,Sindi,sumail,duhok
32029,Zakho,Rkawa Sector,???? ?????,37.14479623,42.68527911,Dercar,zakho,duhok
32033,Zakho,Kochka Honari,???? ????? ??????,37.16704305,42.68757245,Dercar,zakho,duhok
32030,Zakho,Shabaniya Sector,???? ???????,37.14830789,42.68457356,Dercar,zakho,duhok
32024,Zakho,Ashe Chami Sector,???? ??? ???,37.14905058,42.67507105,Dercar,zakho,duhok
32028,Zakho,Khrababka Sector,???? ????????,37.14817588,42.74712896,Markaz Zakho,zakho,duhok
32032,Zakho,Firqa Sector,???? ????,37.15799712,42.70888115,Markaz Zakho,zakho,duhok
32027,Zakho,Bedar Sector,???? ?????,37.14667665,42.6455226,Markaz Zakho,zakho,duhok
32031,Zakho,Abasiya Sector,???? ??????,37.14531861,42.7077838,Markaz Zakho,zakho,duhok
25992,Zakho,Diraboon,??????,37.08555153,42.42724897,Markaz Zakho,zakho,duhok
8620,Zakho,Qarawla,?????,37.12356417,42.43683536,Markaz Zakho,zakho,duhok
20980,Erbil,Ainkawa(108),108 ??????,36.24349834,43.983621,Markaz Erbil,erbil,erbil
13685,Erbil,Andazyaran,?? ?????????,36.2005896,44.1217624,Markaz Erbil,erbil,erbil
25973,Erbil,Harem,????,36.11937226,44.0630427,Markaz Erbil,erbil,erbil
24308,Erbil,Zaiton Collective,???? ?????,36.13702177,44.0659664,Markaz Erbil,erbil,erbil
12826,Erbil,Mamzawa,???????,36.11909237,43.963592,Markaz Erbil,erbil,erbil
25727,Erbil,Kani Qarzhala,???? ??????,36.2067298,43.8592122,Markaz Erbil,erbil,erbil
33883,Erbil,Nazimawa,???????,36.11368557,43.95286573,Markaz Erbil,erbil,erbil
21899,Erbil,Rizgari,??????,36.2797368,43.7341817,Markaz Erbil,erbil,erbil
27214,Erbil,Shorsh(Malayan),????(??????),36.213827,44.02088648,Markaz Erbil,erbil,erbil
20997,Erbil,Runaki,??????,36.16957159,44.01818971,Markaz Erbil,erbil,erbil
20790,Erbil,Havalan,??????,36.1898498,44.04897347,Markaz Erbil,erbil,erbil
33878,Erbil,Mizori,?????,35.9961654,44.0386959,Qushtappa,erbil,erbil
25630,Erbil,Kawa Collective,???? ????,35.9790143,44.0373527,Qushtappa,erbil,erbil
24598,Koysinjaq,Azady,?????,36.0848782,44.6389829,Markaz Koysinjaq,koysinjaq,erbil
27222,Koysinjaq,Nawdaran,????????,36.0572663,44.6371874,Markaz Koysinjaq,koysinjaq,erbil
24597,Koysinjaq,Bazar koya(Bafri qndeel),????? ????(???? ?????),36.083679,44.6287855,Markaz Koysinjaq,koysinjaq,erbil
12371,Koysinjaq,Bayizagha,???????,36.0874678,44.629339,Markaz Koysinjaq,koysinjaq,erbil
24484,Koysinjaq,Armota,??????,36.0681566,44.6072378,Markaz Koysinjaq,koysinjaq,erbil
23280,Koysinjaq,Qalat,????,36.0863765,44.6269879,Markaz Koysinjaq,koysinjaq,erbil
33885,Koysinjaq,Sarbasti,??????,35.8920885,44.5878719,Taq Taq,koysinjaq,erbil
11887,Koysinjaq,Taqtaq,????,35.8872085,44.5837756,Taq Taq,koysinjaq,erbil
13141,Rawanduz,Soran District,???? ???? ?????,36.6552912,44.5406644,Diana,rawanduz,erbil
31780,Rawanduz,Delzyan,??????,36.6681032,44.5273977,Diana,rawanduz,erbil
27199,Rawanduz,kawrarash,?????,36.6093691,44.4027153,Khailfan,rawanduz,erbil
27198,Rawanduz,Hay mameel al qeer,?? ???? ?????,36.5919395,44.3860076,Khailfan,rawanduz,erbil
12277,Rawanduz,Khalifan(center),????(??????),36.6098454,44.4056227,Khailfan,rawanduz,erbil
12597,Rawanduz,Rawanduz District,???? ???????,36.61405134,44.5269909,Markaz Rawanduz,rawanduz,erbil
27200,Rawanduz,Hamya,?????,36.6221652,44.5447272,Markaz Rawanduz,rawanduz,erbil
27225,Rawanduz,Markaz Mergasur,???? ???????,36.8353167,44.3131953,Mergasur,rawanduz,erbil
13372,Shaqlawa,Harir-Batas,????-?????,36.5603397,44.33427473,Harir,shaqlawa,erbil
12172,Shaqlawa,Harir,????,36.5502052,44.3453688,Harir,shaqlawa,erbil
12079,Shaqlawa,Hiran,????? ,36.2772151,44.49314569,Khoshnaw,shaqlawa,erbil
12948,Shaqlawa,Sarmidan-1(Ashti),??????? 1(????),36.4129364,44.3029433,Khoshnaw,shaqlawa,erbil
23698,Shaqlawa,Sabirawa,????????,36.4015164,44.3458974,Khoshnaw,shaqlawa,erbil
23713,Shaqlawa,Betrma,??????,36.3946488,44.3424598,Khoshnaw,shaqlawa,erbil
12957,Shaqlawa,Spigra,???????,36.3829007,44.3770004,Khoshnaw,shaqlawa,erbil
23741,Shaqlawa,Safeen,????,36.4035677,44.3126218,Khoshnaw,shaqlawa,erbil
23742,Shaqlawa,Shahedan,??????,36.4075659,44.3186095,Khoshnaw,shaqlawa,erbil
26060,Kerbela,Al Ameshea 2,???????? 2,32.65803488,44.05852714,Al-Hassainya,kerbela,kerbala
14167,Kerbela,Al-Abrahmeiah (Al hafed),??????????? (??????),32.66017843,44.14028872,Al-Hassainya,kerbela,kerbala
24285,Kerbela,Al-Safiya 2,??????? 2,32.65702365,44.0509545,Al-Hassainya,kerbela,kerbala
14037,Kerbela,Al-zabaylah,???????? ,32.60069416,44.1040392,Al-Hassainya,kerbela,kerbala
32057,Kerbela,Abu Tharr complex,???? ??? ??,32.54620523,44.08923593,Markaz Kerbela,kerbela,kerbala
25061,Kerbela,Al Hurr Al Sager,???? ??????,32.6524887,43.9948325,Markaz Kerbela,kerbela,kerbala
14324,Kerbela,Al Muamnen(Elegal),????? ????????,32.64302658,43.9779922,Markaz Kerbela,kerbela,kerbala
25262,Kerbela,Al Zohor,??????,32.59325,44.05294,Markaz Kerbela,kerbela,kerbala
27265,Kerbela,Shuihadaa Al Amam Ali,????? ?????? ??? 2,32.5719858,44.0210812,Markaz Kerbela,kerbela,kerbala
25780,Kerbela,Hay Al-Naser14,?? ?????14,32.5771676,44.00587049,Markaz Kerbela,kerbela,kerbala
25358,Kerbela,Al Salam-1,??????1,32.5876564,44.00071746,Markaz Kerbela,kerbela,kerbala
24137,Kerbela,Maitham Al Tammar,???? ?????? ,32.6180031,44.04344232,Markaz Kerbela,kerbela,kerbala
25869,Daquq,Hay Shoraw-1,?????? 1 ?????,35.07323983,44.50280738,Markaz Daquq,daquq,kirkuk
25739,Daquq,Laylan-Bash Bulaq village,???? ??? ?????,35.25255176,44.39470309,Markaz Daquq,daquq,kirkuk
14786,Daquq,Fareeq Awa,?? ???? ???,35.13463604,44.43721897,Markaz Daquq,daquq,kirkuk
33476,Daquq,Hay Al-Salam ( Daquq ),?? ?????? ( ????? ),35.15292917,44.44352438,Markaz Daquq,daquq,kirkuk
15110,Daquq,Hay Klisa 1,?? ????? 1,35.1603029,44.4443694,Markaz Daquq,daquq,kirkuk
21483,Daquq,Hay Nawroz ( Daquq),?? ????? ( ????? ),35.13885842,44.4397158,Markaz Daquq,daquq,kirkuk
21453,Daquq,Hay Ashti,?? ????,35.14922041,44.44050858,Markaz Daquq,daquq,kirkuk
33477,Daquq,Hay Runaki / Daquq,?? ?????? \ ?????,35.14833029,44.45463889,Markaz Daquq,daquq,kirkuk
14960,Daquq,Taza-Omer Bin Khattab,???? ??? ?? ??????,35.23892701,44.38953719,Markaz Daquq,daquq,kirkuk
14375,Dibis,Altun Kupri Center,???? ????? ????? ?????,35.75626625,44.13871317,Altun Qupri,dibis,kirkuk
15449,Dibis,Bajwan,???? ??????,35.54110409,44.28188016,Altun Qupri,dibis,kirkuk
15674,Dibis,Hay Al-Shuhadaa,?? ???????,35.6705349,44.06921792,Markaz Dibis,dibis,kirkuk
24632,Dibis,Hay Al Muaasker,?? ???????,35.66729671,44.0748884,Markaz Dibis,dibis,kirkuk
24631,Dibis,Hay Al Tanak,?? ?????,35.6605481,44.08992829,Markaz Dibis,dibis,kirkuk
21016,Kirkuk,Hay Al Nassir,?? ?????,35.42784533,44.4071896,Markaz Kirkuk,kirkuk,kirkuk
31729,Kirkuk,Hay Al-Askary 2,?? ??????? 2,35.4061092,44.41361086,Markaz Kirkuk,kirkuk,kirkuk
15550,Kirkuk,Hay Al-Urooba,?? ???????,35.4296511,44.39183605,Markaz Kirkuk,kirkuk,kirkuk
31726,Kirkuk,Al-Qadisssiya(Rabareen) first,?? ?????????-??????-(???????? ?????) ???,35.41471699,44.41914669,Markaz Kirkuk,kirkuk,kirkuk
31728,Kirkuk,Hay Al-Askary 1,?? ??????? 1,35.40713495,44.40463988,Markaz Kirkuk,kirkuk,kirkuk
24084,Kirkuk,Al Tadamon(Hawkari),?? ???????-???????-,35.41012372,44.38730494,Markaz Kirkuk,kirkuk,kirkuk
22296,Kirkuk,Hay Al Jamia-Mahalla 622,?? ???????-622,35.40793818,44.32673626,Taza Khormato,kirkuk,kirkuk
24453,Kirkuk,Al Takhi Village,???? ????,35.37670134,44.34932099,Taza Khormato,kirkuk,kirkuk
15648,Kirkuk,Al-Sayada Complex,???? ???????,35.3806587,44.33244497,Taza Khormato,kirkuk,kirkuk
23900,Kirkuk,Yaychi-Qaryat Turklan,???? ??????,35.38814883,44.27595199,Yaijy,kirkuk,kirkuk
20844,Al-Kahla,Hay Al Karar,?? ??????,31.84989086,47.1203488,Al-Msharah,al.kahla,maysan
16835,Al-Kahla,Hay 15 Sahaban,?? 15 ?????,31.84490493,47.13287912,Al-Msharah,al.kahla,maysan
15991,Al-Kahla,Hay Al Rasool,?? ??????,31.81918766,47.11993291,Al-Msharah,al.kahla,maysan
24808,Al-Kahla,Eye of Missan,???? ?????,31.88447879,47.16787029,Al-Msharah,al.kahla,maysan
22208,Al-Kahla,Al Salam,????? ??????-???? ???????,31.87811839,47.14734611,Al-Msharah,al.kahla,maysan
24532,Al-Kahla,Al Hay Al JameI,???? ???????,31.80705921,47.17830026,Al-Msharah,al.kahla,maysan
23622,Al-Kahla,Hay Al-Ameer,?? ??????,31.53134617,47.28924227,Markaz Al-Kahla,al.kahla,maysan
34009,Al-Baaj,Al Intisar,?? ????????,36.049594,41.71278,Markaz Al-Baaj,al.baaj,ninewa
34010,Al-Baaj,Al-Dubaat,?? ??????,36.042967,41.711898,Markaz Al-Baaj,al.baaj,ninewa
34014,Al-Baaj,Hateen,?? ????,36.04616,41.722867,Markaz Al-Baaj,al.baaj,ninewa
34013,Al-Baaj,Al Askari,?? ???????,36.038799,41.718269,Markaz Al-Baaj,al.baaj,ninewa
34012,Al-Baaj,Alqadisya,?? ????????,36.038939,41.714346,Markaz Al-Baaj,al.baaj,ninewa
34008,Al-Baaj,Al-Risalah,?? ???????,36.044509,41.714508,Markaz Al-Baaj,al.baaj,ninewa
18349,Al-Baaj,Al-Yarmuk,?? ???????,36.044635,41.720289,Markaz Al-Baaj,al.baaj,ninewa
34011,Al-Baaj,Al-Thawra,?? ??????,36.038552,41.711969,Markaz Al-Baaj,al.baaj,ninewa
25816,Al-Hamdaniya,Bishryan,??????,36.3098007,43.67426823,Markaz Al-Hamdaniya,al.hamdaniya,ninewa
24581,Al-Hamdaniya,Kalak,????,36.27122321,43.63670332,Markaz Al-Hamdaniya,al.hamdaniya,ninewa
33475,Al-Hamdaniya,Zangal,????,36.23354303,43.60799284,Markaz Al-Hamdaniya,al.hamdaniya,ninewa
12821,Al-Hamdaniya,Khabat,????,36.2768827,43.6727879,Markaz Al-Hamdaniya,al.hamdaniya,ninewa
17903,Al-Hamdaniya,Al-Salamiyah Village,???? ????????,36.14467202,43.31096659,Namroud,al.hamdaniya,ninewa
27271,Al-Hatra,Tal abta,?? ????,35.94612983,42.5718261,Markaz Hatra,al.hatra,ninewa
33114,Al-Hatra,Al-Amilah Village,???? ???????,35.78730103,42.99964293,Markaz Hatra,al.hatra,ninewa
33115,Al-Hatra,Zaaziaa Village,???? ???????,35.81036035,43.02302444,Markaz Hatra,al.hatra,ninewa
33164,Al-Hatra,Rmothaniat Al-rdin Village,???? ???????? ?????,35.61702195,42.9889707,Markaz Hatra,al.hatra,ninewa
17126,Al-Hatra,Markaz AL-Hatra,???? ?????,35.57722514,42.73185209,Markaz Hatra,al.hatra,ninewa
24549,Al-Mosul,Al Harmaat,???????,36.3624,43.0716,Al-Muhamadath,al.mosul,ninewa
18314,Al-Mosul,Hay Al Intisar,????????,36.32160352,43.2184224,Al-Muhamadath,al.mosul,ninewa
23933,Al-Mosul,Hay Al Samah,?? ??????,36.36599222,43.2208356,Al-Muhamadath,al.mosul,ninewa
23875,Al-Mosul,Al-Quds,?????,36.34899562,43.22555348,Al-Muhamadath,al.mosul,ninewa
21332,Al-Mosul,HAY-FALISTINE,?? ??????,36.30750923,43.1910329,Al-Muhamadath,al.mosul,ninewa
25066,Al-Mosul,Al Tanak,?????,36.341839,43.052996,Al-Muhamadath,al.mosul,ninewa
18339,Al-Mosul,Al-Karamah,???????,36.34434032,43.21393334,Al-Muhamadath,al.mosul,ninewa
18357,Al-Mosul,Al-sukar,?? ?????,36.38996165,43.16955564,Al-Muhamadath,al.mosul,ninewa
18346,Al-Mosul,Al-Maamon,???????,36.30882013,43.10854328,Al-Muhamadath,al.mosul,ninewa
21336,Al-Mosul,HAY-SUMMER,?? ????,36.29892135,43.19245944,Al-Muhamadath,al.mosul,ninewa
18368,Al-Mosul,Wadi Hajar,???? ???,36.32112548,43.12549664,Al-Muhamadath,al.mosul,ninewa
18313,Al-Mosul,Hay Al Islah Al Zirai,?? ??????? ???????,36.35024315,43.08515874,Al-Muhamadath,al.mosul,ninewa
18370,Al-Mosul,Hay Al Tammem,???????,36.3555135,43.19195727,Al-Muhamadath,al.mosul,ninewa
17128,Al-Mosul,Hamam Alaleel Center,???? ???? ??????,36.16758811,43.25494788,Hammam Al-Alil,al.mosul,ninewa
17338,Al-Shikhan,Atrush,?????,36.8377966,43.33373387,Atreesh,al.shikhan,ninewa
25945,Al-Shikhan,Esiyan Village,???? ??????,36.7148436,43.29448621,Markaz Al-Shikhan,al.shikhan,ninewa
17752,Al-Shikhan,Baadre,??????,36.72342984,43.25205126,Markaz Al-Shikhan,al.shikhan,ninewa
17333,Al-Shikhan,Shekhan,?????,36.68585032,43.34714326,Markaz Al-Shikhan,al.shikhan,ninewa
17535,Al-Shikhan,Mahad,???,36.64666962,43.41472644,Markaz Al-Shikhan,al.shikhan,ninewa
25278,Al-Shikhan,Kabara,???? ??????,36.69783949,43.22252412,Markaz Al-Shikhan,al.shikhan,ninewa
18199,Al-Shikhan,Qasrok,?????,36.69973886,43.59700937,Qasruk,al.shikhan,ninewa
21008,Al-Shikhan,Chira,???,36.64066507,43.52486353,Qasruk,al.shikhan,ninewa
8783,Aqra,Bardarash,?????,36.50505246,43.59559858,Bardarash,aqra,ninewa
8776,Aqra,Daratu,?????,36.47780181,43.72601916,Bardarash,aqra,ninewa
24580,Aqra,Roviya,?????,36.61804222,43.70120265,Bardarash,aqra,ninewa
16953,Aqra,Dinarta,???????,36.79299167,43.97959825,Dinarta,aqra,ninewa
17802,Aqra,Grdasin,??????,36.65457561,43.80706832,Kurdsein,aqra,ninewa
17734,Aqra,Akre,????,36.73616411,43.87036764,Kurdsein,aqra,ninewa
27361,Sinjar,Wary Bahdo,???? ????,36.38116896,41.79193799,Al-Shamal,sinjar,ninewa
27366,Sinjar,Balif,????,36.4286986,41.69891914,Al-Shamal,sinjar,ninewa
17928,Sinjar,Sinuni center,???? ?????,36.46593984,41.71338533,Al-Shamal,sinjar,ninewa
27283,Sinjar,Dokri,?????,36.47017334,41.73811846,Al-Shamal,sinjar,ninewa
27285,Sinjar,Borek,????,36.49436739,41.86820613,Al-Shamal,sinjar,ninewa
17845,Sinjar,Khana sor,??????,36.46474075,41.62757861,Al-Shamal,sinjar,ninewa
27362,Sinjar,Sardashty,??????,36.37382358,41.74922358,Al-Shamal,sinjar,ninewa
23274,Sinjar,Hay Alqadseya,?? ????????,36.32342149,41.87365479,Markaz Sinjar,sinjar,ninewa
22490,Sinjar,Hay Al Naser,?? ?????,36.32051324,41.84688259,Markaz Sinjar,sinjar,ninewa
32090,Sinjar,Hay Alzeraee,?? ???????,36.32152311,41.86595494,Markaz Sinjar,sinjar,ninewa
23273,Sinjar,Hay Alshuhada,?? ???????,36.31811,41.85867361,Markaz Sinjar,sinjar,ninewa
22923,Telafar,Kakhirta,??????,36.55740589,42.34905226,Al-Ayadiya,telafar,ninewa
17814,Telafar,Tal alhuaa,???? ?? ?????,36.74910112,42.30417192,Rabia,telafar,ninewa
28453,Telafar,Albawtha vilage,???? ??????,36.7311007,42.2585845,Rabia,telafar,ninewa
18262,Telafar,abu khushub,???? ??????,36.74144385,42.12177344,Rabia,telafar,ninewa
18308,Telafar,Hay Al Askari,?? ???????,36.80246191,42.09715448,Rabia,telafar,ninewa
24701,Telafar,Hay Al laban,?? ?????,36.80849199,42.09016157,Rabia,telafar,ninewa
28450,Telafar,Ewaynat vilage,???? ??????,36.68093122,42.40219667,Rabia,telafar,ninewa
25687,Telafar,Hay Al Sikak,?? ?????,36.79930633,42.09378266,Rabia,telafar,ninewa
25808,Telafar,Hay Alasreya,?? ???????,36.80483492,42.0867173,Rabia,telafar,ninewa
25944,Telafar,Qasabat Zummar,???? ????,36.65599757,42.59801338,Zummar,telafar,ninewa
25695,Telafar,kirver village,???? ????,36.68823497,42.59559437,Zummar,telafar,ninewa
17134,Tilkaef,Alqosh,?????,36.731975,43.095524,Al-Qosh,tilkaef,ninewa
22365,Tilkaef,Shaykhaka,???? ?????,36.6900264,43.16280158,Al-Qosh,tilkaef,ninewa
17830,Tilkaef,Jarahiya,????????,36.7017796,43.21302722,Al-Qosh,tilkaef,ninewa
24703,Tilkaef,Jambour Village,???? ?????,36.71678789,42.95407047,Al-Qosh,tilkaef,ninewa
24637,Tilkaef,Kalata Farhan village,???? ????? ?????(?????),36.59573094,43.21033799,Al-Qosh,tilkaef,ninewa
18377,Tilkaef,Al rasheediya,????????,36.40323668,43.0935171,Markaz Tilkaef,tilkaef,ninewa
17959,Tilkaef,Tallsquf,??????,36.59768094,43.10565343,Markaz Tilkaef,tilkaef,ninewa
24600,Tilkaef,Al Qawsiyat,????????,36.44442116,43.09490804,Markaz Tilkaef,tilkaef,ninewa
23913,Balad,Hay al Zahraa 204,?? ??????? ?(9-?? ?????)???? 204,33.83851491,44.24768232,Al-Dujeel,balad,salah.al.din
25916,Balad,Al Sejla village,???? ??????,33.90931473,44.1980154,Al-Dujeel,balad,salah.al.din
25746,Balad,Markaz Al-Dujeel-Hay Al Wihda Mahala 101,???? 101,33.84887071,44.23246813,Al-Dujeel,balad,salah.al.din
23920,Balad,Hay Al Hussien,?? ??????,33.84296372,44.24168261,Al-Dujeel,balad,salah.al.din
25747,Balad,Markaz Al-Dujeel-Al Shabab village,???? ??????,33.77310581,44.30544923,Al-Dujeel,balad,salah.al.din
25742,Balad,Al-Duloeyah-Hay Al Jubor,???? ?????? ??????,34.03255609,44.23111624,Al-Duloeyah,balad,salah.al.din
20770,Balad,Al-Duloeyah-Hay khazraj,???? ????,34.04808189,44.21884053,Al-Duloeyah,balad,salah.al.din
20771,Balad,Albu Farraj Village,???? ???? ????,34.08612811,44.19097743,Al-Duloeyah,balad,salah.al.din
20774,Balad,AL-Eshaqi center,???? ????? ????????,34.047534,43.98844416,Al-Esshaqi,balad,salah.al.din
29601,Balad,Eshaqi Complex,???? ????????,34.04860604,43.98265867,Al-Esshaqi,balad,salah.al.din
24912,Balad,Al Sindiyah village,???? ???????,33.87815361,44.4443865,Yathreb,balad,salah.al.din
23140,Samarra,Al Hardaniyah,???? ????????? ,34.07240208,44.15670572,Al-Muotasim,samarra,salah.al.din
21724,Samarra,Hay Al Mutasim-mahala 105,???? 105,34.19421015,43.87824353,Markaz Samarra,samarra,salah.al.din
21725,Samarra,Hay Al Wathiq-Mahala 314,?? ??????(22-??????)???? 314,34.18605355,43.89418088,Markaz Samarra,samarra,salah.al.din
20569,Samarra,Hay Al-Khathraa Mahala 322,?? ??????? ?(25-???????)???? 322,34.19773851,43.90743795,Markaz Samarra,samarra,salah.al.din
22474,Samarra,Hay Al Dhubbat-Mahalla 334,?? ?????? ?(25-???????)???? 334,34.19306987,43.8913851,Markaz Samarra,samarra,salah.al.din
21588,Samarra,Al Jubairiyah Al Thalitha,?? ??????(22-??????)???????? ???????,34.18151073,43.90937853,Markaz Samarra,samarra,salah.al.din
21590,Samarra,Hay Salah Al-Din(Mahala 302),?? ???? ????? ???? 302,34.20472059,43.91261897,Markaz Samarra,samarra,salah.al.din
23877,Samarra,Hay Al-Ziraa(Sharqiyah)113,?? ???????(?????)???? 113,34.18825585,43.87307567,Markaz Samarra,samarra,salah.al.din
25518,Samarra,Al Mahalla Al Gharbiah,?????? ???????,34.19354152,43.87038482,Markaz Samarra,samarra,salah.al.din
23876,Samarra,Al Jibariya Mahala 316,?? ??????(22-??????)???? 316,34.18445265,43.90318531,Markaz Samarra,samarra,salah.al.din
20675,Samarra,Al-Efraz area,?? ???????,34.20589121,43.90987038,Markaz Samarra,samarra,salah.al.din
22473,Samarra,Hay Al Muthanna-Mahalla 312,?? ??????-???? 312,34.19323408,43.91680473,Markaz Samarra,samarra,salah.al.din
24247,Tikrit,Hay Al baladiyah,?? ???????-?(27-?????? ???????),34.68755009,43.71769524,Al-Alam,tikrit,salah.al.din
28449,Tikrit,Mahalla Al Aed,?? ??????(27-?????? ???????)???? ??????,34.70181064,43.71575489,Al-Alam,tikrit,salah.al.din
21592,Tikrit,Hay Al sinay-Al samad,?? ???????-?(51-?????? ??? ????)???? ?????,34.71326825,43.70669107,Al-Alam,tikrit,salah.al.din
23145,Tikrit,Al Ahad Al Jadid village,???? ????? ??????,34.72016511,43.69896303,Al-Alam,tikrit,salah.al.din
24212,Tikrit,Al khuzamiya Village,???? ????????,34.768545,43.65085705,Al-Alam,tikrit,salah.al.din
25923,Tikrit,Qadisya 2 Mahala 216,?? ????????(??????2)?????? 7-???? 216,34.64904267,43.66291122,Um Al-Qura,tikrit,salah.al.din
22468,Tikrit,Hay Al Zuhour-422,?? ?????? ????-422,34.59060412,43.67237859,Um Al-Qura,tikrit,salah.al.din
24211,Tikrit,Al Namah Al ShamaliyahVillage,???? ??????? ????????,34.66263782,43.92081141,Um Al-Qura,tikrit,salah.al.din
20618,Tikrit,Hammad Shihab,???? ???? ????,34.69869525,43.61826052,Um Al-Qura,tikrit,salah.al.din
22058,Tikrit,Hay Aldiuom,?? ??????-?????? 211-???? ?????,34.59618062,43.65522036,Um Al-Qura,tikrit,salah.al.din
27367,Tikrit,Hay Alziraa,?? ???????,34.58463421,43.68255174,Um Al-Qura,tikrit,salah.al.din
25962,Tikrit,Hay Salma Altaghlubia,?? ???? ????????-???? 401,34.60974451,43.68082171,Um Al-Qura,tikrit,salah.al.din
25866,Tooz Khurmato,Hay Komari-120,?? ?????? ?(5-?????)???? 120,34.89631116,44.62618562,Markaz Tooz Khurmato,tooz.khurmato,salah.al.din
25748,Tooz Khurmato,Markaz Tooz-Jesir Dara,??? ????,34.95107121,44.59455173,Markaz Tooz Khurmato,tooz.khurmato,salah.al.din
25754,Tooz Khurmato,Markaz Tooz-Hay Al Askari,?? ???????,34.87893383,44.61564474,Markaz Tooz Khurmato,tooz.khurmato,salah.al.din
25872,Tooz Khurmato,Unformal Shelter,??? ??? ????,34.9051509,44.63581838,Markaz Tooz Khurmato,tooz.khurmato,salah.al.din
25752,Tooz Khurmato,Markaz Tooz-Hay Al Taiyar 122,???? 122,34.90215812,44.62048832,Markaz Tooz Khurmato,tooz.khurmato,salah.al.din
20405,Tooz Khurmato,Sankur,?????,35.0088073,44.53832744,Markaz Tooz Khurmato,tooz.khurmato,salah.al.din
25868,Tooz Khurmato,Hay Rizgari-114,?? ?????? ?(5-?????)???? 114,34.88670149,44.64114867,Markaz Tooz Khurmato,tooz.khurmato,salah.al.din
33153,Tooz Khurmato,Zinana,?????,34.8799657,44.8496409,Markaz Tooz Khurmato,tooz.khurmato,salah.al.din
25870,Tooz Khurmato,Tal Al Naqqar,?? ??????,34.732738,44.800704,Sulaiman Baig,tooz.khurmato,salah.al.din
10301,Al-Nasiriya,Hay Al Fidaa,?? ??????,31.06973001,46.27874198,Markaz Al-Nasiriya,al.nasiriya,thi.qar
9396,Al-Nasiriya,Al-zielat,????????,31.0154237,46.26344175,Markaz Al-Nasiriya,al.nasiriya,thi.qar
24494,Al-Nasiriya,Al Aker,?????,31.02771088,46.21821474,Markaz Al-Nasiriya,al.nasiriya,thi.qar
10259,Al-Nasiriya,Hay Al Tadhihiya,?? ???????,31.05015718,46.27335321,Markaz Al-Nasiriya,al.nasiriya,thi.qar
21208,Al-Nasiriya,Hay Al Mualimeen,?? ????????,31.06777925,46.24967456,Markaz Al-Nasiriya,al.nasiriya,thi.qar
9427,Al-Nasiriya,Hay AL-Mansouria,????????? ,31.03044192,46.21559912,Markaz Al-Nasiriya,al.nasiriya,thi.qar
10335,Al-Nasiriya,Al-Salhiya,?? ????????,31.05063835,46.2693433,Markaz Al-Nasiriya,al.nasiriya,thi.qar
23683,Al-Nasiriya,Hay Mehidiya,?? ????????,31.03290329,46.25155243,Markaz Al-Nasiriya,al.nasiriya,thi.qar
10263,Al-Nasiriya,Sadir City,?? ????? ?????,31.0802066,46.2356939,Markaz Al-Nasiriya,al.nasiriya,thi.qar
10260,Al-Nasiriya,Al Iskan Al Sinaie,??????? ???????,31.01345748,46.28240815,Markaz Al-Nasiriya,al.nasiriya,thi.qar
19555,Al-Kut,Damook 150,????? 150,32.53161253,45.82103463,Markaz Al-Kut,al.kut,wassit
25322,Al-Kut,Anwar Al Sadur-Al-Ghader,????? ?????-??????,32.5131733,45.84019899,Markaz Al-Kut,al.kut,wassit
27277,Al-Kut,Al Hakeem Al-Ula,?????? ??????,32.52988171,45.83964831,Markaz Al-Kut,al.kut,wassit
27275,Al-Kut,Al-Hassan Al-Askari Al-Thania,????? ??????? ???????,32.53247892,45.7912212,Markaz Al-Kut,al.kut,wassit
19070,Al-Kut,Hay al-zahraa,?? ???????,32.52291874,45.81870231,Markaz Al-Kut,al.kut,wassit
23256,Al-Kut,Al Hasan Al Askari,????? ???????,32.53075098,45.7473125,Markaz Al-Kut,al.kut,wassit
27278,Al-Kut,Al Hakeem Al-Thania,?????? ???????,32.53589111,45.85707997,Markaz Al-Kut,al.kut,wassit
24786,Al-Kut,Al Hakeem Al-Khdhra,?????? ???????,32.54525026,45.85184353,Markaz Al-Kut,al.kut,wassit
27383,Al-Kut,Hay Al Jawadeen Al-Thalitha,?? ???????? ???????,32.51103961,45.85696859,Markaz Al-Kut,al.kut,wassit
19548,Al-Kut,Al Batar village,???? ??????,32.56659569,45.64940515,Markaz Al-Kut,al.kut,wassit
25103,Al-Kut,Al-Jihad Al-Zahraa,?????? ???????,32.47834063,45.8128393,Wasit,al.kut,wassit
25106,Al-Kut,Al-Jihad-Al-Sajad,??????-??????,32.4737597,45.82086882,Wasit,al.kut,wassit
24261,Al-Kut,Hay Al-Hawaraa 3,?? ??????? ???????,32.48702633,45.84528154,Wasit,al.kut,wassit
106,Zakho,Al-Amen,?? ??????,37.06,42.38,Markaz Zakho,zakho,duhok
23792,Al-Kaim,Al Angaa,?? ???????,34.38025462,41.05022726,Al-Karabla,al.kaim,al.anbar
34069,Al-Baaj,Al-sahlan,???????,36.054272,41.391497,Markaz Al-Baaj,al.baaj,ninewa
34090,Al-Baaj,Al-khader,?????,36.056533,41.696036,Markaz Al-Baaj,al.baaj,ninewa
17131,Al-Hamdaniya,Bartalla center,???? ????? ?????,36.353862,43.38319564,Bartilla,al.hamdaniya,ninewa
22214,Al-Hamdaniya,Muafaqiyah village,???? ????????,36.357627,43.32886537,Bartilla,al.hamdaniya,ninewa
29613,Al-Hamdaniya,Tal Al-Laban,?? ?????,36.20844,43.53488145,Markaz Al-Hamdaniya,al.hamdaniya,ninewa
17386,Al-Hamdaniya,Blawat Village,???? ?????? ,36.227551,43.41814873,Namroud,al.hamdaniya,ninewa
17373,Al-Hamdaniya,Mnara Shabak Village,???? ????? ?????,36.314426,43.3300402,Bartilla,al.hamdaniya,ninewa
21939,Al-Hamdaniya,Shaquli village,???? ??????,36.321536,43.44990978,Bartilla,al.hamdaniya,ninewa
17399,Al-Hamdaniya,Jlewkhan village,???? ???????,36.288059,43.2428429,Bartilla,al.hamdaniya,ninewa
22216,Al-Hamdaniya,Shiek Ameer Village,???? ??? ???? ,36.318867,43.47387555,Markaz Al-Hamdaniya,al.hamdaniya,ninewa
17376,Al-Hamdaniya,Kabarly Village,???? ????? ,36.242985,43.44905944,Markaz Al-Hamdaniya,al.hamdaniya,ninewa
22433,Al-Hamdaniya,Knehash 2 Village,???? ???? ??????,36.060894,43.474475,Namroud,al.hamdaniya,ninewa
23699,Al-Hamdaniya,Khazna Tappa,???? ???,36.363317,43.35960454,Bartilla,al.hamdaniya,ninewa
17930,Al-Hamdaniya,Tahrawa Village,???? ??????,36.343993,43.3264564,Bartilla,al.hamdaniya,ninewa
18267,Al-Shikhan,Taq Harb,???? ??? ???,36.585999,43.30133748,Markaz Al-Shikhan,al.shikhan,ninewa
21648,Al-Shikhan,Taq Mekail,???? ??? ???????,36.573488,43.30365621,Markaz Al-Shikhan,al.shikhan,ninewa
17875,Al-Shikhan,Nargizlia Village,???? ???????,36.602573,43.27893045,Markaz Al-Shikhan,al.shikhan,ninewa
17051,Al-Shikhan,Big Rikaba Village,???? ????? ?????,36.565376,43.25221304,Markaz Al-Shikhan,al.shikhan,ninewa
17049,Al-Shikhan,Small Rikaba Village,???? ????? ?????,36.567179,43.23635996,Markaz Al-Shikhan,al.shikhan,ninewa
17045,Al-Shikhan,Sheikh Milwan Village,???? ??? ?????,36.583357,43.24351923,Markaz Al-Shikhan,al.shikhan,ninewa
33774,Al-Hatra,Estielah Village,???? ??????,35.807841,43.053191,Markaz Hatra,al.hatra,ninewa
33859,Al-Hatra,Abu sanam wasataa Village,???? ??? ???? ????,36.1764,42.322414,Markaz Hatra,al.hatra,ninewa
22606,Al-Falluja,Albu Shejel,???????,33.39894123,43.63390187,Markaz Al-Falluja,al.falluja,al.anbar
33991,Al-Hatra,Easilah algharbia,???? ??????  ??????? ,35.8246,42.9021,Markaz Hatra,al.hatra,ninewa
33728,Al-Hatra,Majmae khams talul,???? ???? ??? ????,35.85746,42.21516,Markaz Hatra,al.hatra,ninewa
318,Al-Falluja,Albu Khanfar,???????? ,33.44080496,43.82623441,Al-Garma,al.falluja,al.anbar
33393,Al-Hatra,Ashwa village,???? ????,36.005233,42.35309117,Markaz Hatra,al.hatra,ninewa
33193,Al-Hatra,Mreka Village,???? ?????,35.854687,42.894362,Markaz Hatra,al.hatra,ninewa
33861,Al-Hatra,Abu sanam janubi iVillage,???? ??? ???? ?????,36.162066,42.323913,Markaz Hatra,al.hatra,ninewa
33265,Al-Mosul,Al-Nafit,?? ?????,36.317533,43.12389785,Al-Muhamadath,al.mosul,ninewa
33289,Al-Mosul,Al Sikak,?? ?????,36.34052888,43.08680814,Al-Muhamadath,al.mosul,ninewa
33257,Al-Mosul,Msherfa 2,?????? 2,36.37883671,43.07380498,Al-Muhamadath,al.mosul,ninewa
277,Al-Kaim,Hay Al-Maamon,?? ???????,34.39362133,41.000431,Al-Rummaneh,al.kaim,al.anbar
21201,Al-Falluja,Albu Shihab,????????,33.39917258,43.58249848,Markaz Al-Falluja,al.falluja,al.anbar
33252,Al-Mosul,Al-Sinaa Al-Qadema,??????? ???????,36.33732899,43.10615109,Al-Muhamadath,al.mosul,ninewa
33404,Tilkaef,AL-sheek Maaroof village,???? ????? ?????,36.384447,42.99617734,Markaz Tilkaef,tilkaef,ninewa
33342,Al-Falluja,Hay Jbeal,?? ????,33.32421,43.77623968,Markaz Al-Falluja,al.falluja,al.anbar
31775,Al-Mosul,Al-Areej Village,???? ??????,36.19146914,43.20713996,Hammam Al-Alil,al.mosul,ninewa
33174,Tilkaef,Tel Al-raes Al-thania Village,???? ?? ????? ???????,36.412192,42.96872791,Markaz Tilkaef,tilkaef,ninewa
18367,Al-Mosul,Al-Yarmuk,?? ???????,36.33808679,43.08332718,Al-Muhamadath,al.mosul,ninewa
31912,Al-Mosul,Bahzani,?????? ,36.457312,43.33830961,Bashiqa,al.mosul,ninewa
23811,Haditha,Hay Barwanah Al Gharbiyah,?? ?????? ?????,34.09547956,42.38043973,Barwana,haditha,al.anbar
24315,Haditha,Hay Al Rahman,?? ??????,34.08711253,42.376353,Barwana,haditha,al.anbar
21007,Al-Mosul,Zanjili,????????,36.34975751,43.11049303,Al-Muhamadath,al.mosul,ninewa
23812,Haditha,Hay Ibn Bittar,?? ??? ?????,34.08381752,42.38563715,Barwana,haditha,al.anbar
21258,Al-Mosul,Tal Al-Rumman,?? ??????,36.31561638,43.08996264,Al-Muhamadath,al.mosul,ninewa
18372,Al-Mosul,Al-Wahda,??????,36.32498049,43.18981081,Al-Muhamadath,al.mosul,ninewa
33820,Haditha,Hay Al_salam,?? ??????,34.0898,42.38123,Barwana,haditha,al.anbar
21580,Al-Mosul,Orta akrab Village,???? ????? ????,36.422829,43.23208311,Bashiqa,al.mosul,ninewa
23813,Haditha,Hay Al Shuhadaa,?? ???????,34.09260433,42.397337,Barwana,haditha,al.anbar
18369,Al-Mosul,Al-Khadraa,???????,36.35689079,43.2227368,Al-Muhamadath,al.mosul,ninewa
272,Al-Kaim,Hay 12 Rabee Alawal,?? 12???? ?????,34.39208833,40.98504599,Al-Rummaneh,al.kaim,al.anbar
79,Haditha,Hay Al-Subhani,?? ????????,34.11291371,42.38267137,Barwana,haditha,al.anbar
18009,Al-Mosul,Mjareen Village,???? ??????,36.35986,42.71071761,Al-Muhamadath,al.mosul,ninewa
20782,Al-Mosul,Al-Muharibeen,?????????,36.38366231,43.19343104,Al-Muhamadath,al.mosul,ninewa
33655,Sinjar,Kani Edo,???? ????      ,36.3013473,41.8505089,Markaz Sinjar,sinjar,ninewa
34036,Sinjar,Hay Al Shafaa,?? ??????,36.15406,42.039688,Al-Qairawan,sinjar,ninewa
27399,Sinjar,Sharaf Alddin,??? ?????,36.42984078,41.86808233,Al-Shamal,sinjar,ninewa
33998,Sinjar,Hazeel Al-Kabeer Village,???? ???? ??????,36.154129,42.052066,Al-Qairawan,sinjar,ninewa
34038,Sinjar,Hay Al Mamoon,?? ???????,36.16286,42.034429,Al-Qairawan,sinjar,ninewa
18048,Sinjar,Guhbal and shorka,???? +????? ,36.50572952,41.95736199,Al-Shamal,sinjar,ninewa
27358,Sinjar,Kolka,?????,36.37152891,41.72511078,Al-Shamal,sinjar,ninewa
33651,Sinjar,Zaytoniya,???????,36.3069755,41.8797018,Markaz Sinjar,sinjar,ninewa
24117,Haditha,Haqlaniyah-Hay Al-Faroq,?? ???????-???????,34.08341069,42.35196982,Al-Haqlaniya,haditha,al.anbar
33873,Sinjar,Sibaya harrush,?????? ????,36.227443,42.124177,Al-Qairawan,sinjar,ninewa
23820,Haditha,Hay K 28,???? ? 28 (( ?? ??? )),34.07182393,42.36524882,Al-Haqlaniya,haditha,al.anbar
27287,Sinjar,Zorava and zirwa,??????+????? ,36.47246728,42.01588827,Al-Shamal,sinjar,ninewa
18016,Sinjar,Golat,?????,36.4036,42.12902345,Markaz Sinjar,sinjar,ninewa
17617,Telafar,Qasr Sarij,???? ???????,36.55342282,42.51140824,Al-Ayadiya,telafar,ninewa
23817,Haditha,Hay Al Shay,?? ??????,34.12659465,42.39245154,Barwana,haditha,al.anbar
25807,Telafar,Hay althahabe,???? ??????,36.80170925,42.09458755,Rabia,telafar,ninewa
23822,Haditha,Albu Hayat,???? ????????,34.006133,42.38533008,Al-Haqlaniya,haditha,al.anbar
24109,Haditha,Barwanah-Hay Al-Shurta,?? ??????-??????,34.09212563,42.39748965,Barwana,haditha,al.anbar
27304,Telafar,Kharabat Ashiq,???? ????? ????,36.75874864,42.45894678,Zummar,telafar,ninewa
23648,Telafar,Sahilah Village,?????,37.0132505,42.34194814,Zummar,telafar,ninewa
17625,Telafar,Eayan Alturs,???? ??? ?????,36.7393,42.53539788,Zummar,telafar,ninewa
34048,Telafar,Hay Al Noor Al Thania,?? ????? ??????? ,36.377547,42.464541,Markaz Telafar,telafar,ninewa
21264,Heet,Basair,??????? ,33.6499489,42.80809027,Markaz Heet,heet,al.anbar
28439,Telafar,Tal Talab vilage,???? ?? ???,36.74584971,42.20245753,Rabia,telafar,ninewa
18302,Telafar,Hay Al wahda,?? ??????,36.37497,42.4282364,Markaz Telafar,telafar,ninewa
33212,Telafar,Humur Eafin,???? ??? ????,36.7515,42.59057091,Zummar,telafar,ninewa
66,Al-Kaim,Sadah,???? ????,34.36995574,41.09281041,Al-Karabla,al.kaim,al.anbar
22446,Telafar,Al Mafri,???? ????,36.60934422,42.57199697,Zummar,telafar,ninewa
33420,Telafar,Hay Al Zahraa,?? ???????,36.379492,42.4255152,Markaz Telafar,telafar,ninewa
25809,Telafar,Domez complex,???? ?????,36.71204681,42.61461067,Zummar,telafar,ninewa
27356,Telafar,Tel shor,???? ?? ?????,36.49949129,42.14103331,Rabia,telafar,ninewa
21603,Tilkaef,Baawiza,??????,36.43356032,43.15578703,Markaz Tilkaef,tilkaef,ninewa
17949,Tilkaef,Derston,??? ???? ,36.67726055,43.01571448,Al-Qosh,tilkaef,ninewa
33445,Tilkaef,Ammar Bet Village,???? ???? ???,36.5346,42.95195506,Wana,tilkaef,ninewa
24682,Tilkaef,Al Quba,?????,36.40208884,43.04396592,Markaz Tilkaef,tilkaef,ninewa
17133,Tilkaef,wanna center,???? ????,36.53558507,42.75997942,Wana,tilkaef,ninewa
33541,Al-Shikhan,Shwedeg Sagheer,????? ????,36.564837,43.217469,Markaz Al-Shikhan,al.shikhan,ninewa
17602,Tilkaef,Kany-Sheren,???? ?????,36.564261,43.032031,Markaz Tilkaef,tilkaef,ninewa
17600,Tilkaef,Hasan-Galad,???? ??? ????,36.530579,43.00519903,Markaz Tilkaef,tilkaef,ninewa
21601,Tilkaef,Sada Area,????? ??????,36.42253923,43.15926051,Markaz Tilkaef,tilkaef,ninewa
23415,Tilkaef,Semehla,???? ??????,36.578664,42.93158469,Wana,tilkaef,ninewa
21605,Tilkaef,Musqalat Al-Shamalih,?????? ????????,36.5917828,43.0416133,Markaz Tilkaef,tilkaef,ninewa
17788,Tilkaef,Der Umtutha,???? ????? ????,36.50545966,42.78384651,Wana,tilkaef,ninewa
26077,Al-Daur,Hay Tal Al Banat,?? ?? ??????,34.4476367,43.79889497,Abu Dalf,al.daur,salah.al.din
20587,Al-Daur,Hay Abu Dalaf,?? ??? ???,34.45569217,43.79879331,Abu Dalf,al.daur,salah.al.din
26078,Al-Daur,Hay Al Askri,?? ???????,34.46264848,43.79113717,Abu Dalf,al.daur,salah.al.din
26116,Al-Daur,Al Mujammaa Al Sakani,?????? ??????,34.4093972,43.78942745,Abu Dalf,al.daur,salah.al.din
20746,Al-Daur,Al-Khadhra area,?? ???????,34.47699,43.79037775,Abu Dalf,al.daur,salah.al.din
20713,Al-Daur,Hay Al Qadisiah,?? ????????,34.473313,43.79133138,Abu Dalf,al.daur,salah.al.din
26080,Al-Daur,Hay Al Sharqiyah,?? ???????,34.45350793,43.78909198,Abu Dalf,al.daur,salah.al.din
26079,Al-Daur,Hay Al Aboor,?? ??????,34.4652675,43.79065796,Abu Dalf,al.daur,salah.al.din
26082,Al-Daur,Hay Al Mahad,?? ??????,34.45656032,43.80569889,Abu Dalf,al.daur,salah.al.din
26081,Al-Daur,Al Asriyah village,?????? ???????,34.46089339,43.84198922,Abu Dalf,al.daur,salah.al.din
28420,Balad,Albo Fadaus Village,???? ?????????,33.86874825,44.355067,Al-Dujeel,balad,salah.al.din
25947,Balad,Bezna Village,???? ????,33.90924349,44.18353,Yathreb,balad,salah.al.din
33790,Balad,Al-Shehabbi Village,???? ???????,33.966393,44.30386,Yathreb,balad,salah.al.din
33124,Beygee,Al-Salman village,???? ???????,35.33025,43.26614918,Makkhoul,beygee,salah.al.din
20613,Al-Shirqat,Sudayrah Tak Tak Village,???? ????? ?? ??,35.45198,43.29188179,Markaz Al-Shirqat,al.shirqat,salah.al.din
33126,Al-Shirqat,Al-Sheekh Hamad Village,???? ????? ???,35.560374,43.27774764,Markaz Al-Shirqat,al.shirqat,salah.al.din
21955,Al-Shirqat,Hay Al-Khasim Al-Qadem village,???? ????? ???????,35.4860996,43.24136451,Markaz Al-Shirqat,al.shirqat,salah.al.din
20588,Al-Shirqat,Sudayrah Sufla Village,???? ????? ????,35.466904,43.29417902,Markaz Al-Shirqat,al.shirqat,salah.al.din
21347,Al-Shirqat,Al-Musehly Village,???? ????????,35.40670733,43.20443065,Markaz Al-Shirqat,al.shirqat,salah.al.din
21004,Al-Shirqat,Hay Al Askari,???? ???????,35.51588268,43.24014327,Markaz Al-Shirqat,al.shirqat,salah.al.din
33122,Al-Shirqat,Sudayrah Aulya Village,???? ????? ????,35.443157,43.28802411,Markaz Al-Shirqat,al.shirqat,salah.al.din
21002,Al-Shirqat,Al Khanuga village,???? ????????,35.39407146,43.2562212,Markaz Al-Shirqat,al.shirqat,salah.al.din
33402,Al-Shirqat,Shattye Al-Jider village,???? ?????,35.353168,43.33280417,Markaz Al-Shirqat,al.shirqat,salah.al.din
21349,Al-Shirqat,Al-Swedan Village,???? ??????,35.62253532,43.24083119,Markaz Al-Shirqat,al.shirqat,salah.al.din
29655,Al-Shirqat,Hay Tal Baajah,?? ?? ?????,35.52689026,43.22822702,Markaz Al-Shirqat,al.shirqat,salah.al.din
29652,Al-Shirqat,Hay Al-noor,?? ?????,35.49564536,43.240898,Markaz Al-Shirqat,al.shirqat,salah.al.din
33957,Heet,alrashid,??????,33.58864,42.62435,Kubaisa,heet,al.anbar
33123,Al-Shirqat,Sudayrah Westa Village,???? ????? ????,35.430951,43.29735383,Markaz Al-Shirqat,al.shirqat,salah.al.din
29654,Al-Shirqat,Hay Al-Baladyat,?? ????????,35.53883531,43.22417697,Markaz Al-Shirqat,al.shirqat,salah.al.din
100,Heet,Abu Tibban,????????,33.52770924,42.94823615,Al-Forat,heet,al.anbar
33369,Beygee,Hay Altameem,?? ???????,34.921845,43.48296141,Al-Synia,beygee,salah.al.din
23388,Beygee,Al Hamra village,???? ??????,34.75922381,43.60555224,Markaz Beygee,beygee,salah.al.din
22581,Beygee,Hay Tal Al Zatar-mahalla 219,?? ?? ?????? ?(15-??????? ????????)????,34.93565,43.48967088,Al-Synia,beygee,salah.al.din
24304,Beygee,Al Mushhaq Village,???? ??????,35.185783,43.41311343,Makkhoul,beygee,salah.al.din
20607,Beygee,Hay Alrisalah,?? ???????,34.926822,43.49148764,Al-Synia,beygee,salah.al.din
33434,Beygee,Sheik Ali village,???? ????? ???,35.1807187,43.29254159,Makkhoul,beygee,salah.al.din
23647,Al-Kaim,Al Aubaidi Al Qadima,??????? ??????? ,34.42020331,41.20149436,Al-Obiadi,al.kaim,al.anbar
23435,Beygee,Al-Zweeyah Village,???? ?????? ,35.2612,43.397525,Makkhoul,beygee,salah.al.din
20689,Beygee,Markaz Makhoul,???? ?????,35.2027688,43.27791681,Makkhoul,beygee,salah.al.din
20720,Beygee,AL-Siniya,???????,34.930908,43.41288243,Al-Synia,beygee,salah.al.din
137,Heet,Saweeb,????,33.60455112,42.888982,Markaz Heet,heet,al.anbar
22813,Beygee,Qaryat Al Sareen,?????? 13 ?????? ???????? ???? ??????,34.86225969,43.49558631,Markaz Beygee,beygee,salah.al.din
20866,Beygee,Tal abu Jarad area-Mahalla 104,?? ??? ???? ???? 104,34.9316,43.46459206,Al-Synia,beygee,salah.al.din
24305,Samarra,Al Namel Village,???? ?????,34.333402,43.34943202,Dijla,samarra,salah.al.din
33715,Samarra,AL-Zahwer,??????,34.477461,43.47602207,Dijla,samarra,salah.al.din
33954,Heet,jabil,????,33.56769,42.91487,Al-Forat,heet,al.anbar
20773,Balad,Beshakan village,???? ??????,34.03443349,44.28259692,Al-Duloeyah,balad,salah.al.din
33437,Balad,Aziz Balad,???? ???,34.023395,44.166704,Yathreb,balad,salah.al.din
23056,Balad,Jwezerat,???? ???????,34.043058,44.139455,Yathreb,balad,salah.al.din
29565,Balad,Yathrib sub distrct,????? ????,34.028012,44.25703679,Yathreb,balad,salah.al.din
20767,Balad,Albu Jewari,???? ???? ?????,34.06002525,44.21800742,Al-Duloeyah,balad,salah.al.din
20673,Samarra,Al-Jillam area,????? ??????,34.24088767,43.89312124,Markaz Samarra,samarra,salah.al.din
29539,Samarra,Mahalla Makeshfa,???? ??????,34.36904718,43.75919988,Dijla,samarra,salah.al.din
20674,Samarra,Al-Hewaish area,???? ??????,34.19515165,43.80748367,Al-Tharthar,samarra,salah.al.din
20695,Samarra,Al-Abasiya Village,???? ????????,34.30092393,43.78031314,Dijla,samarra,salah.al.din
33608,Samarra,Banat Al-hassan village,???? ???? ?????,34.148833,43.9495084,Al-Muotasim,samarra,salah.al.din
25926,Samarra,Hawi Albsat,?????? 27 ???? ??????,34.26137899,43.87541313,Markaz Samarra,samarra,salah.al.din
20752,Samarra,Al_Jazera,?????? 9 ???????(????????????),34.24620221,43.660999,Al-Tharthar,samarra,salah.al.din
21473,Heet,kibae,????,33.53214,43.04051,Al-Forat,heet,al.anbar
25960,Tikrit,Hay Aljamiyaa,?? ???????-???? 418,34.59299692,43.67410527,Um Al-Qura,tikrit,salah.al.din
20638,Tikrit,Hay Al Dhubbat,?? ??????,34.63466839,43.6702753,Um Al-Qura,tikrit,salah.al.din
20666,Tikrit,Uwainat,??????,34.47137992,43.73535038,Um Al-Qura,tikrit,salah.al.din
33824,Heet,Hay AL-zihoor,?? ?????? ,33.628441,42.836747,Markaz Heet,heet,al.anbar
25922,Tikrit,Qadisya 1 Mahala 214,?? ????????(??????1)?????? 7-???? 214,34.64578089,43.66608673,Um Al-Qura,tikrit,salah.al.din
23848,Heet,Zoyah Al-gharbiyah,???? ???????,33.56746228,42.91583728,Al-Forat,heet,al.anbar
25950,Tikrit,Tal-Al Sibaat Village,???? ?? ???????,34.81969084,43.57772889,Al-Alam,tikrit,salah.al.din
163,Heet,Al Baker,?? ?????,33.64958145,42.83134286,Markaz Heet,heet,al.anbar
25949,Tikrit,Al Bzikhah Village,???? ???????,34.89208231,43.54881689,Al-Alam,tikrit,salah.al.din
22331,Tikrit,Al Baladiyat-402,????????-402,34.61124269,43.67409029,Um Al-Qura,tikrit,salah.al.din
22965,Tikrit,Hay Alqalaa,?? ??????(6-?????)???? 405,34.60364868,43.68996813,Um Al-Qura,tikrit,salah.al.din
21357,Tikrit,Al Zallayah village,???? ???????,34.45798508,43.72672328,Um Al-Qura,tikrit,salah.al.din
23702,Tikrit,Qadisya 2 500 Area,?? ????????(??????2)?????? 7 ???? 218  ???? 500,34.65085216,43.64840368,Um Al-Qura,tikrit,salah.al.din
25961,Tikrit,Hay Alarbaen,?? ????????-???? 414,34.59481215,43.67682715,Um Al-Qura,tikrit,salah.al.din
33823,Heet,AL-Moalimeen AL-Thaniya,?? ???????? ??????? ,33.64578,42.80107,Markaz Heet,heet,al.anbar
20484,Tooz Khurmato,Chardaghli village,???? ???????,34.818984,44.557499,Ameraly,tooz.khurmato,salah.al.din
23788,Al-Kaim,Hay Al Rashid,?? ??????,34.38715286,40.98881848,Al-Karabla,al.kaim,al.anbar
271,Al-Kaim,Door Al-Sikak,?? ?????,34.38771423,40.97593251,Al-Karabla,al.kaim,al.anbar
21103,Tooz Khurmato,Yangija Village,???? ?????,34.856383,44.57192083,Markaz Tooz Khurmato,tooz.khurmato,salah.al.din
25750,Tooz Khurmato,Markaz Tooz-Hay Brayati,???? ??????,34.90508251,44.60920615,Markaz Tooz Khurmato,tooz.khurmato,salah.al.din
27234,Tooz Khurmato,Hay Al-Askary,?? ???????,34.726584,44.584608,Ameraly,tooz.khurmato,salah.al.din
20529,Tooz Khurmato,Sulayman Beg sub district center,???? ????? ?????? ???,34.795151,44.66947464,Sulaiman Baig,tooz.khurmato,salah.al.din
228,Heet,Hay al Jury,?????,33.63721071,42.82162651,Markaz Heet,heet,al.anbar
41,Heet,Jubbah,??? ,33.91242953,42.54682166,Al-Baghdady,heet,al.anbar
33953,Heet,zawiat alwustaa,???? ??????,33.54309,42.95544,Al-Forat,heet,al.anbar
23793,Al-Kaim,Hay Al Askary,?? ???????,34.38879287,41.02220244,Al-Karabla,al.kaim,al.anbar
23791,Al-Kaim,Al Nahda Al-Sharqiyah,?? ?????? ???????,34.36827894,41.05775748,Al-Karabla,al.kaim,al.anbar
262,Ana,Hay Al Shoba,?? ??????,34.4669276,41.91685003,Rawa,ana,al.anbar
264,Ana,Al Qaala,?? ??????,34.46461943,41.91457925,Rawa,ana,al.anbar
23861,Ana,Al-Hidayah,?? ???????,34.47546565,41.91346345,Rawa,ana,al.anbar
23859,Ana,Hay Raua Al-Jadida,?? ???? ?????,34.48404974,41.92361128,Rawa,ana,al.anbar
200,Ana,Al Askaree,?? ???????,34.48408734,41.91709448,Rawa,ana,al.anbar
29579,Al-Ramadi,Al Dhubat 2,?????? ??????? ,33.41296,43.31088873,Markaz Al-Ramadi,al.ramadi,al.anbar
133,Al-Ramadi,Al Aadil,??????,33.41405,43.30632536,Markaz Al-Ramadi,al.ramadi,al.anbar
29561,Al-Ramadi,Hay 8 Shbbat,?? 8 ????,33.42211,43.26091605,Markaz Al-Ramadi,al.ramadi,al.anbar
20939,Al-Ramadi,Al-Hamidhiyah,????????,33.46526459,43.39814799,Markaz Al-Ramadi,al.ramadi,al.anbar
297,Al-Ramadi,Al-Thilah,??????,33.43294,43.30570778,Markaz Al-Ramadi,al.ramadi,al.anbar
25650,Al-Ramadi,Al Askari,???????,33.411586,43.24644923,Markaz Al-Ramadi,al.ramadi,al.anbar
29534,Al-Ramadi,Al Shuhadaa Qtr,???????,33.43179,43.28417617,Markaz Al-Ramadi,al.ramadi,al.anbar
204,Al-Ramadi,Hay 30 Tamooz,?? 30 ????,33.41583,43.26891633,Markaz Al-Ramadi,al.ramadi,al.anbar
23891,Al-Ramadi,Al-Ankor,???????,33.374498,42.84705,Markaz Al-Ramadi,al.ramadi,al.anbar
33832,Al-Ramadi,AL-mlahma,????????,33.2554,43.3336,Al-Habbaniya,al.ramadi,al.anbar
113,Al-Ramadi,Husaibah Al-Sharqiah,????? ??????? ,33.40776951,43.46977318,Al-Habbaniya,al.ramadi,al.anbar
156,Al-Kaim,Wazeeriya,?? ????????,34.38141702,41.03964076,Al-Karabla,al.kaim,al.anbar
21086,Al-Ramadi,Albu-Ali Aljasim,???? ??? ?????? ,33.496578,43.202315,Markaz Al-Ramadi,al.ramadi,al.anbar
23023,Al-Ramadi,Hay Al Malab,??????,33.42225,43.32127857,Markaz Al-Ramadi,al.ramadi,al.anbar
34016,Al-Ramadi,Hay Al-Aramel,?? ???????,33.411358,43.316322,Markaz Al-Ramadi,al.ramadi,al.anbar
29475,Al-Ramadi,Zankura,??????,33.48032,43.15559563,Markaz Al-Ramadi,al.ramadi,al.anbar
25441,Al-Ramadi,Al Soora,??????,33.4351026,43.35608898,Markaz Al-Ramadi,al.ramadi,al.anbar
33302,Al-Kadhmiyah,Al Sheiti village,???? ??????,33.2308678,43.99213406,Abu Ghraib,al.kadhmiyah,baghdad
32034,Al-Mahmoudiya,Al Kamazan village,???? ???????,33.193248,43.95562407,Al-Yousifya,al.mahmoudiya,baghdad
29532,Al-Mahmoudiya,Al Shanadka village,???? ????????,33.2182782,43.95334515,Al-Yousifya,al.mahmoudiya,baghdad
31710,Al-Kadhmiyah,Al Zaidan-Al Sadan village,???????-???? ???????,33.270892,44.02497791,Abu Ghraib,al.kadhmiyah,baghdad
32036,Al-Kadhmiyah,Al Masara village,???? ??????? ,33.234015,43.94204218,Abu Ghraib,al.kadhmiyah,baghdad
22541,Al-Kadhmiyah,Sabea Al Buor-12000,??? ?????-12000,33.46077706,44.1704438,Al-Taji,al.kadhmiyah,baghdad
25168,Al-Kadhmiyah,Sabea Al Buor-14000,??? ?????-14000,33.47013978,44.16611772,Al-Taji,al.kadhmiyah,baghdad
21477,Ana,Al Zalla,???? ?????,34.42124214,41.45726616,Rawa,ana,al.anbar
25163,Al-Kadhmiyah,Sabea Al Buor-7000,??? ?????-7000,33.45078626,44.15594608,Al-Taji,al.kadhmiyah,baghdad
22611,Al-Kadhmiyah,Sabea Al Buor-13000,??? ?????-13000,33.4650575,44.16816971,Al-Taji,al.kadhmiyah,baghdad
32101,Al-Mahmoudiya,Al Rasool village-(Al Jomblatiya Southern),???? ??????-?????????? ???????? ,33.039284,44.1414635,Al-Yousifya,al.mahmoudiya,baghdad
29525,Al-Mahmoudiya,Al Bu Hasson(Al kragolyia),???? ????(?????????),33.03975376,44.18885772,Al-Yousifya,al.mahmoudiya,baghdad
33175,Al-Kaim,Tiwaan,?????,34.2259007,41.34168435,Al-Karabla,al.kaim,al.anbar
33105,Al-Mussyab,Al Moammen Billah-(Al Jomblatiya Southern),???? ?????? ?????-?????????? ????????,33.028697,44.13960158,Jurf Al-Sakhar,al.mussyab,babil
7682,Al-Mahmoudiya,Albo Awasj village,???? ???? ????,33.038574,44.32982286,Al-Latifya,al.mahmoudiya,baghdad
33109,Al-Mussyab,Al Motokal village-(Al Jomblatiya Northern),???? ???????-?????????? ????????,33.02298,44.126467,Jurf Al-Sakhar,al.mussyab,babil
33183,Al-Mahmoudiya,Al Rasheediya Village,#N/A,33.108393,44.16043303,Al-Yousifya,al.mahmoudiya,baghdad
33107,Al-Mahmoudiya,Al Imam Ali village-(Al Jomblatiya Southern),???? ?????? ???-?????????? ????????,33.030745,44.1777793,Al-Yousifya,al.mahmoudiya,baghdad
33225,Al-Mahmoudiya,Albu Moufarrej Village,???? ???? ????,33.075557,44.14815561,Al-Yousifya,al.mahmoudiya,baghdad
7685,Al-Mahmoudiya,shaka-4,????-4,32.9756,44.42205175,Al-Latifya,al.mahmoudiya,baghdad
29528,Al-Mahmoudiya,Hay Al Dobat(Al kragolyia),?? ??????(?????????),33.050911,44.20509358,Al-Yousifya,al.mahmoudiya,baghdad
22382,Al-Mahmoudiya,Al Muaghith village-(Al Jomblatiya Southern),???? ??????-?????????? ????????,33.03975373,44.16086072,Al-Yousifya,al.mahmoudiya,baghdad
33110,Al-Mussyab,Al Abraar village-(Al Jomblatiya Northern),???? ???????-?????????? ????????,33.025292,44.13709516,Jurf Al-Sakhar,al.mussyab,babil
7350,Al-Mahmoudiya,Al Mustafa village-(Al Jomblatiya Southern),???? ???????-?????????? ????????,33.02912141,44.17154806,Al-Yousifya,al.mahmoudiya,baghdad
33104,Al-Mahmoudiya,Al Azez Al Ghaffar-(Al Jomblatiya Southern),???? ?????? ??????-?????????? ????????,33.03348,44.16272303,Al-Yousifya,al.mahmoudiya,baghdad
33458,Al-Kadhmiyah,14 Abar village 5,????5-14 ????,33.59278,44.17550949,Al-Taji,al.kadhmiyah,baghdad
33469,Al-Kadhmiyah,14 Abar villge 7,???? 7-14 ????,33.639982,44.15827469,Al-Tarmiya,al.kadhmiyah,baghdad
33478,Al-Kadhmiyah,13 Al Dhabat-Al Harat village,??????13-???? ??????,33.648361,44.23412776,Al-Tarmiya,al.kadhmiyah,baghdad
33764,Al-Kadhmiyah,Asmail Mohammed village,???? ??????? ????,33.674171,44.14263,Al-Tarmiya,al.kadhmiyah,baghdad
33511,Al-Kadhmiyah,13 Al Dhabat-Albo Abdo village,??????13-???? ????????,33.68781,44.24027125,Al-Tarmiya,al.kadhmiyah,baghdad
23620,Zakho,Fishkhaboor,????????,37.06728813,42.37686231,NA,zakho,duhok
26074,Al-Khalis,Arab Hafeedh Village,???? ??? ????,34.12586517,44.84068814,Al-Mansouriyah,al.khalis,diyala
25676,Al-Khalis,Al Mansouriyah-Hamada Village,?????????-???? ?????,34.03136641,44.86764431,Al-Mansouriyah,al.khalis,diyala
25669,Al-Khalis,Somair village,???? ?????,34.05691902,44.88435256,Al-Mansouriyah,al.khalis,diyala
11270,Al-Khalis,Um al Hawali village,???? ?? ???????,34.36468541,44.60197001,Al-Atheem,al.khalis,diyala
26058,Al-Khalis,Dalli Abass-Al-Shuhada Qtr,??? ????-?? ???????,34.0676524,44.86550222,Al-Mansouriyah,al.khalis,diyala
26075,Al-Khalis,Al Dwaleeb Village,???? ????????,34.073537,44.9056642,Al-Mansouriyah,al.khalis,diyala
25682,Al-Khalis,Mohammed Ali Village,???? ???? ?????,34.04549809,44.88159198,Al-Mansouriyah,al.khalis,diyala
28463,Al-Khalis,Al Taleaa Al Olaa Village(Albo Rai),???? ??????? ??????(???? ??),34.25685398,44.52603643,Al-Atheem,al.khalis,diyala
25655,Al-Khalis,Dalli Abass-Al Moalmeen Qtr,??? ????-?? ????????,34.07072389,44.8704787,Al-Mansouriyah,al.khalis,diyala
25678,Al-Khalis,Dawod Al-Salom village,???? ????? ??????,34.12548903,44.84410846,Al-Mansouriyah,al.khalis,diyala
25672,Al-Khalis,Habib Al Khaizaran Village,???? ???? ????????,34.121222,44.7696088,Al-Mansouriyah,al.khalis,diyala
25677,Al-Khalis,Hamza Al Najim Village,???? ???? ?????,34.03901602,44.88332927,Al-Mansouriyah,al.khalis,diyala
25653,Al-Khalis,Dalli Abass-Al Shekh Hassan Qtr,??? ????-?? ????? ???,34.07723021,44.85503516,Al-Mansouriyah,al.khalis,diyala
25673,Al-Khalis,Habib Al Abdulla Village,???? ???? ?????????,34.05390233,44.89234693,Al-Mansouriyah,al.khalis,diyala
26115,Al-Muqdadiya,Shak Al Rak Village,???? ??? ?????,34.00157426,44.93296834,Markaz Al-Muqdadiya,al.muqdadiya,diyala
10948,Al-Muqdadiya,Abo Garma village,???? ??? ????,33.9061689,44.7245533,Markaz Al-Muqdadiya,al.muqdadiya,diyala
11179,Al-Muqdadiya,Baloor Village,???? ????,33.983383,44.93435119,Markaz Al-Muqdadiya,al.muqdadiya,diyala
25805,Al-Muqdadiya,Al Somood Qtr,?? ??????,33.9845665,44.94206147,Markaz Al-Muqdadiya,al.muqdadiya,diyala
109,Ana,Yarmouk,?? ???????,34.37483517,41.98761025,Markaz Ana,ana,al.anbar
25804,Al-Muqdadiya,Al Mataar Qtr,?? ??????,33.98943701,44.94954431,Markaz Al-Muqdadiya,al.muqdadiya,diyala
25948,Al-Muqdadiya,Nofal village,???? ????,34.04846,44.98260388,Markaz Al-Muqdadiya,al.muqdadiya,diyala
11355,Al-Muqdadiya,AlTaiha Qtr,???? ???????,34.03141312,44.94531097,Markaz Al-Muqdadiya,al.muqdadiya,diyala
11440,Al-Muqdadiya,Al Qalaa Village,???? ??????,34.01496421,44.95912841,Markaz Al-Muqdadiya,al.muqdadiya,diyala
253,Ana,Hay Al Salam,?? ??????,34.37150561,41.96978858,Markaz Ana,ana,al.anbar
25668,Al-Muqdadiya,Al Wazan Village,???? ??????,34.03579,44.98436486,Markaz Al-Muqdadiya,al.muqdadiya,diyala
26027,Al-Muqdadiya,Al Shamamla Village,???? ????????,34.03534645,44.97409758,Markaz Al-Muqdadiya,al.muqdadiya,diyala
25657,Al-Muqdadiya,Abu musa village,???? ??? ????,34.00539076,44.87856992,Markaz Al-Muqdadiya,al.muqdadiya,diyala
26030,Al-Muqdadiya,A Hammadi Village,???? ???????,34.03099698,44.94846175,Markaz Al-Muqdadiya,al.muqdadiya,diyala
11442,Al-Muqdadiya,Al Isaiwed Village,???? ???????,34.052564,44.93185543,Markaz Al-Muqdadiya,al.muqdadiya,diyala
11312,Al-Khalis,Al Sodoor,??????,34.05853,44.98047661,Al-Mansouriyah,al.khalis,diyala
25674,Al-Muqdadiya,Haj fadhil village,???? ??? ????,34.00214397,44.87807495,Markaz Al-Muqdadiya,al.muqdadiya,diyala
31762,Khanaqin,Al Shuhada Qtr Sector 6,?? ??????? ???? 6,34.276111,45.18129168,Jalawla,khanaqin,diyala
23799,Ana,Hay Al ZeraI,?? ???????,34.3731532,41.99516882,Markaz Ana,ana,al.anbar
31753,Khanaqin,Al Jamahir Qtr Sector 2,?? ???????? ???? 2,34.273056,45.1729482,Jalawla,khanaqin,diyala
31749,Khanaqin,Al Oroba Qtr Sector 3,?? ??????? ???? 3,34.277222,45.16607575,Jalawla,khanaqin,diyala
248,Ana,Al bor (Shishan),?? ??????,34.36678805,41.97078314,Markaz Ana,ana,al.anbar
31768,Khanaqin,Al Nakheel Village,???? ??????,34.22881,45.23201366,Jalawla,khanaqin,diyala
33585,Khanaqin,Al Taleaa 2 Qtr ( Al Kelya ),?? ??????? 2 (??????),34.2685293,45.15987901,Jalawla,khanaqin,diyala
249,Ana,Hay Al Tammem,?? ???????,34.36837802,41.9956273,Markaz Ana,ana,al.anbar
32021,Khanaqin,Al Asakraa village,???? ????????,34.170099,45.13241116,Al-Saadiya,khanaqin,diyala
31761,Khanaqin,Al Shuhada Qtr Sector 5,?? ??????? ???? 5,34.275,45.17077837,Jalawla,khanaqin,diyala
31765,Khanaqin,Al Wehdaa Qtr Sector 4,?? ?????? ???? 4,34.264444,45.16167063,Jalawla,khanaqin,diyala
29570,Khanaqin,Al Shuhada Qtr Sector 1,?? ??????? ???? 1,34.2794886,45.1692345,Jalawla,khanaqin,diyala
31754,Khanaqin,Al Jamahir Qtr Sector 3,?? ???????? ???? 3,34.269722,45.16507486,Jalawla,khanaqin,diyala
29630,Khanaqin,Murjana village,???? ??????,34.22486159,45.1309697,Jalawla,khanaqin,diyala
251,Ana,Hay Al Qadissiyah,?? ????????,34.37749089,41.98322262,Markaz Ana,ana,al.anbar
31752,Khanaqin,Al Taleaa Qtr ( sector 5 ),?? ??????? ( ???? 5 ),34.284167,45.16278004,Jalawla,khanaqin,diyala
252,Ana,Al Tadamon,?? ???????,34.36428013,41.98402787,Markaz Ana,ana,al.anbar
29564,Khanaqin,Al Taleaa Qtr ( sector 2 ),?? ??????? ( ???? 2 ),34.27881447,45.16276296,Jalawla,khanaqin,diyala
31764,Khanaqin,Al Wehdaa Qtr Sector 3,?? ?????? ???? 3,34.266667,45.16324737,Jalawla,khanaqin,diyala
13500,Makhmour,Bndiyan,??????,35.77626707,43.5870458,Markaz Makhmour,makhmour,erbil
13352,Makhmour,Gwer,????,36.043816,43.4990613,Gwyer,makhmour,erbil
13675,Makhmour,Sherwany,???????,35.77564291,43.58422753,Markaz Makhmour,makhmour,erbil
12461,Makhmour,Jarallah,??? ????,35.8325667,43.4369287,Markaz Makhmour,makhmour,erbil
13674,Makhmour,Shahidan,??????,35.78075589,43.585956,Markaz Makhmour,makhmour,erbil
22976,Makhmour,Qalat,????,35.77731268,43.57280953,Markaz Makhmour,makhmour,erbil
169,Al-Falluja,Al Shurta,?? ??????,33.36389707,43.79818309,Markaz Al-Falluja,al.falluja,al.anbar
13516,Makhmour,Qabr Alsyd,??? ?????,35.568,43.6444,Qaraj,makhmour,erbil
33846,Makhmour,Darmenawa,????????,36.0040269,43.5509151,Gwyer,makhmour,erbil
12512,Makhmour,Gardahara,???????,35.5761,43.552,Qaraj,makhmour,erbil
13501,Makhmour,Kurdistan,???????? ,35.76717577,43.5762378,Markaz Makhmour,makhmour,erbil
15006,Al-Hawiga,Al-Abasiyah Village,???? ????????,35.33141,43.71230831,Markaz Al-Hawiga,al.hawiga,kirkuk
15594,Al-Hawiga,Al Askary,?? ???????,35.32528,43.76544898,Markaz Al-Hawiga,al.hawiga,kirkuk
21321,Al-Falluja,Al Daffar,??????,33.260627,43.85072524,Markaz Al-Falluja,al.falluja,al.anbar
33287,Al-Hawiga,Tall AL-Dhahab ( As-Sufla ) village,???? ?? ????? ( ???? ),35.11281,43.51535725,Al-Abbasi,al.hawiga,kirkuk
15275,Al-Hawiga,Al-Abassy center,???? ???????,35.27574041,43.59564652,Al-Abbasi,al.hawiga,kirkuk
15250,Al-Hawiga,Al-Namalah village,???? ????,35.3083,43.59333063,Al-Abbasi,al.hawiga,kirkuk
33780,Al-Falluja,Al-Bijara,???????,33.42847,43.78972,Al-Garma,al.falluja,al.anbar
15191,Al-Hawiga,Al-zab,???? ????? ?????,35.26433,43.44756129,Al-Zab,al.hawiga,kirkuk
33576,Al-Hawiga,Al-Farouk Village,???? ???????,35.31889,43.79555173,Markaz Al-Hawiga,al.hawiga,kirkuk
15242,Al-Hawiga,Al-Jubooria Village,???? ????????,35.30301,43.70182472,Markaz Al-Hawiga,al.hawiga,kirkuk
24362,Al-Hawiga,Shamitt Village,???? ????,35.2977,43.53004521,Al-Zab,al.hawiga,kirkuk
14555,Beygee,Shajara village,???? ??????,35.21525,43.41271795,Makkhoul,beygee,salah.al.din
33291,Al-Hawiga,Al-Salhaiyah village,???? ????????,35.370423,43.8904098,Markaz Al-Hawiga,al.hawiga,kirkuk
15264,Al-Hawiga,Bakara Village,???? ???????,35.32208,43.79404764,Markaz Al-Hawiga,al.hawiga,kirkuk
287,Al-Kaim,Hay Al-Makarim,?? ???????,34.38437722,41.02395861,Al-Karabla,al.kaim,al.anbar
15416,Al-Hawiga,Hilwa middle,???? ???? ????,35.472569,43.76065514,Al-Zab,al.hawiga,kirkuk
15368,Al-Hawiga,Al-Mansuriyah ( Al-Abazz) village,???? ??????? ( ??? ),35.402174,43.88121962,Markaz Al-Hawiga,al.hawiga,kirkuk
176,Al-Falluja,Al-andalus,?? ???????,33.34833448,43.76295925,Markaz Al-Falluja,al.falluja,al.anbar
15271,Beygee,Sobieh village,???? ????,35.3099,43.36912437,Makkhoul,beygee,salah.al.din
15614,Al-Hawiga,8 Shabahit,?? 8 ????,35.32708,43.78052,Markaz Al-Hawiga,al.hawiga,kirkuk
148,Al-Falluja,Al-waheda,?? ??????,33.36026624,43.7779121,Markaz Al-Falluja,al.falluja,al.anbar
33384,Dibis,Hay Diyarbakir,?? ???????,35.66829,44.08388662,Markaz Dibis,dibis,kirkuk
15463,Dibis,Qutan village,???? ?????,35.60376,44.23055028,Markaz Dibis,dibis,kirkuk
33383,Dibis,Hay Kurdistan,?? ????????,35.6753,44.06739441,Markaz Dibis,dibis,kirkuk
14407,Dibis,Qashqaiyah village,???? ???????,35.60065,44.1969448,Markaz Dibis,dibis,kirkuk
29631,Daquq,Arab Koy village,???? ??? ???,35.066888,44.38804473,Markaz Daquq,daquq,kirkuk
15139,Daquq,Khaled bin Waleed village,???? ???? ?? ??????,35.20333,44.36306564,Markaz Daquq,daquq,kirkuk
14864,Daquq,Albu Mahammad,???? ???? ????,35.05,44.36982716,Markaz Daquq,daquq,kirkuk
14788,Daquq,Wahda village,???? ??????,35.210085,44.3801614,Markaz Daquq,daquq,kirkuk
125,Al-Falluja,Hay Al Dhubbat,?? ??????,33.35742,43.79284842,Markaz Al-Falluja,al.falluja,al.anbar
21814,Daquq,Saad Bin Waqqas village,???? ??? ?? ??????,35.20031,44.3583072,Markaz Daquq,daquq,kirkuk
31725,Daquq,Hay Gulan,?? ?????,35.14432821,44.4556447,Markaz Daquq,daquq,kirkuk
14763,Kirkuk,Rahim Awa,???? ???,35.4974936,44.39561969,Markaz Kirkuk,kirkuk,kirkuk
33112,Daquq,Al-Rashad center,???? ??????,35.13521,44.08200978,Al-Rashad,daquq,kirkuk
28410,Kirkuk,Sekanyan,????????,35.55411939,44.36025754,Markaz Kirkuk,kirkuk,kirkuk
15442,Kirkuk,Shorawo,?????,35.52501522,44.38484303,Markaz Kirkuk,kirkuk,kirkuk
14567,Daquq,Al-Dookmat Al-Kabira village,???? ???????? ???????,35.09175,44.0534674,Al-Rashad,daquq,kirkuk
299,Al-Falluja,Al-Julan,???????,33.36393445,43.76757768,Markaz Al-Falluja,al.falluja,al.anbar
21702,Kirkuk,Hay Azadi,?? ?????,35.48144527,44.41860388,Markaz Kirkuk,kirkuk,kirkuk
31727,Kirkuk,Al-Qadisssiya(Rabareen) seconad,?? ?????????-??????-(???????? ?????) ????,35.42690647,44.42125977,Markaz Kirkuk,kirkuk,kirkuk
14530,Kirkuk,Panja Ali,???? ???,35.43692001,44.42763139,Markaz Kirkuk,kirkuk,kirkuk
14984,Kirkuk,Al Taakhi,?? ??????,35.4223312,44.3524948,Markaz Kirkuk,kirkuk,kirkuk
22289,Kirkuk,Al Faylaq-Mahala 5,?? ??????-5,35.47617352,44.36205712,Markaz Kirkuk,kirkuk,kirkuk
33467,Al-Falluja,Hay Al Mansour Tawzi Al Jadeed,?? ??????? / ??????? ??????,33.32431,43.7962406,Markaz Al-Falluja,al.falluja,al.anbar
25556,Kirkuk,Darwaza,??????,35.47339866,44.41625482,Markaz Kirkuk,kirkuk,kirkuk
25708,Kirkuk,Al Hendia,???? ???????,35.45524257,44.17384937,Al-Multaka,kirkuk,kirkuk
324,Al-Falluja,Albu Aifan,?????????,33.30279302,43.75301646,Markaz Al-Falluja,al.falluja,al.anbar
33431,Al-Baaj,Al-Rashediyah,????????,36.125506,41.572871,Al-Qahtanya,al.baaj,ninewa
33854,Al-Baaj,Maisaloun,???? ??????,36.272,41.367502,Al-Qahtanya,al.baaj,ninewa
34082,Al-Baaj,Al-ayaine,???????,36.170522,41.345382,Markaz Al-Baaj,al.baaj,ninewa
33856,Al-Baaj,Sheekht Al-Majfal Village,???? ???? ?????? ,36.083477,41.544336,Markaz Al-Baaj,al.baaj,ninewa
34027,Al-Baaj,mushirfa Al kuffa,?????? ??????,36.040514,41.788988,Markaz Al-Baaj,al.baaj,ninewa
33915,Al-Baaj,Thry algarah,??? ??????,35.91231,42.185485,Markaz Al-Baaj,al.baaj,ninewa
22134,Al-Falluja,Albu Khalifa,????????? ,33.43254355,43.94894634,Al-Garma,al.falluja,al.anbar
